Index,Class Name
0,001.Black_footed_Albatross
1,001.Black_footed_Albatross
2,001.Black_footed_Albatross
3,001.Black_footed_Albatross
4,001.Black_footed_Albatross
5,001.Black_footed_Albatross
6,001.Black_footed_Albatross
7,001.Black_footed_Albatross
8,001.Black_footed_Albatross
9,001.Black_footed_Albatross
10,001.Black_footed_Albatross
11,001.Black_footed_Albatross
12,001.Black_footed_Albatross
13,001.Black_footed_Albatross
14,001.Black_footed_Albatross
15,001.Black_footed_Albatross
16,001.Black_footed_Albatross
17,001.Black_footed_Albatross
18,001.Black_footed_Albatross
19,001.Black_footed_Albatross
20,001.Black_footed_Albatross
21,001.Black_footed_Albatross
22,001.Black_footed_Albatross
23,001.Black_footed_Albatross
24,001.Black_footed_Albatross
25,001.Black_footed_Albatross
26,001.Black_footed_Albatross
27,001.Black_footed_Albatross
28,001.Black_footed_Albatross
29,001.Black_footed_Albatross
30,001.Black_footed_Albatross
31,001.Black_footed_Albatross
32,001.Black_footed_Albatross
33,001.Black_footed_Albatross
34,001.Black_footed_Albatross
35,001.Black_footed_Albatross
36,001.Black_footed_Albatross
37,001.Black_footed_Albatross
38,001.Black_footed_Albatross
39,001.Black_footed_Albatross
40,001.Black_footed_Albatross
41,001.Black_footed_Albatross
42,001.Black_footed_Albatross
43,001.Black_footed_Albatross
44,001.Black_footed_Albatross
45,001.Black_footed_Albatross
46,001.Black_footed_Albatross
47,001.Black_footed_Albatross
48,001.Black_footed_Albatross
49,001.Black_footed_Albatross
50,001.Black_footed_Albatross
51,001.Black_footed_Albatross
52,001.Black_footed_Albatross
53,001.Black_footed_Albatross
54,001.Black_footed_Albatross
55,001.Black_footed_Albatross
56,001.Black_footed_Albatross
57,001.Black_footed_Albatross
58,001.Black_footed_Albatross
59,001.Black_footed_Albatross
60,002.Laysan_Albatross
61,002.Laysan_Albatross
62,002.Laysan_Albatross
63,002.Laysan_Albatross
64,002.Laysan_Albatross
65,002.Laysan_Albatross
66,002.Laysan_Albatross
67,002.Laysan_Albatross
68,002.Laysan_Albatross
69,002.Laysan_Albatross
70,002.Laysan_Albatross
71,002.Laysan_Albatross
72,002.Laysan_Albatross
73,002.Laysan_Albatross
74,002.Laysan_Albatross
75,002.Laysan_Albatross
76,002.Laysan_Albatross
77,002.Laysan_Albatross
78,002.Laysan_Albatross
79,002.Laysan_Albatross
80,002.Laysan_Albatross
81,002.Laysan_Albatross
82,002.Laysan_Albatross
83,002.Laysan_Albatross
84,002.Laysan_Albatross
85,002.Laysan_Albatross
86,002.Laysan_Albatross
87,002.Laysan_Albatross
88,002.Laysan_Albatross
89,002.Laysan_Albatross
90,002.Laysan_Albatross
91,002.Laysan_Albatross
92,002.Laysan_Albatross
93,002.Laysan_Albatross
94,002.Laysan_Albatross
95,002.Laysan_Albatross
96,002.Laysan_Albatross
97,002.Laysan_Albatross
98,002.Laysan_Albatross
99,002.Laysan_Albatross
100,002.Laysan_Albatross
101,002.Laysan_Albatross
102,002.Laysan_Albatross
103,002.Laysan_Albatross
104,002.Laysan_Albatross
105,002.Laysan_Albatross
106,002.Laysan_Albatross
107,002.Laysan_Albatross
108,002.Laysan_Albatross
109,002.Laysan_Albatross
110,002.Laysan_Albatross
111,002.Laysan_Albatross
112,002.Laysan_Albatross
113,002.Laysan_Albatross
114,002.Laysan_Albatross
115,002.Laysan_Albatross
116,002.Laysan_Albatross
117,002.Laysan_Albatross
118,002.Laysan_Albatross
119,002.Laysan_Albatross
120,003.Sooty_Albatross
121,003.Sooty_Albatross
122,003.Sooty_Albatross
123,003.Sooty_Albatross
124,003.Sooty_Albatross
125,003.Sooty_Albatross
126,003.Sooty_Albatross
127,003.Sooty_Albatross
128,003.Sooty_Albatross
129,003.Sooty_Albatross
130,003.Sooty_Albatross
131,003.Sooty_Albatross
132,003.Sooty_Albatross
133,003.Sooty_Albatross
134,003.Sooty_Albatross
135,003.Sooty_Albatross
136,003.Sooty_Albatross
137,003.Sooty_Albatross
138,003.Sooty_Albatross
139,003.Sooty_Albatross
140,003.Sooty_Albatross
141,003.Sooty_Albatross
142,003.Sooty_Albatross
143,003.Sooty_Albatross
144,003.Sooty_Albatross
145,003.Sooty_Albatross
146,003.Sooty_Albatross
147,003.Sooty_Albatross
148,003.Sooty_Albatross
149,003.Sooty_Albatross
150,003.Sooty_Albatross
151,003.Sooty_Albatross
152,003.Sooty_Albatross
153,003.Sooty_Albatross
154,003.Sooty_Albatross
155,003.Sooty_Albatross
156,003.Sooty_Albatross
157,003.Sooty_Albatross
158,003.Sooty_Albatross
159,003.Sooty_Albatross
160,003.Sooty_Albatross
161,003.Sooty_Albatross
162,003.Sooty_Albatross
163,003.Sooty_Albatross
164,003.Sooty_Albatross
165,003.Sooty_Albatross
166,003.Sooty_Albatross
167,003.Sooty_Albatross
168,003.Sooty_Albatross
169,003.Sooty_Albatross
170,003.Sooty_Albatross
171,003.Sooty_Albatross
172,003.Sooty_Albatross
173,003.Sooty_Albatross
174,003.Sooty_Albatross
175,003.Sooty_Albatross
176,003.Sooty_Albatross
177,003.Sooty_Albatross
178,004.Groove_billed_Ani
179,004.Groove_billed_Ani
180,004.Groove_billed_Ani
181,004.Groove_billed_Ani
182,004.Groove_billed_Ani
183,004.Groove_billed_Ani
184,004.Groove_billed_Ani
185,004.Groove_billed_Ani
186,004.Groove_billed_Ani
187,004.Groove_billed_Ani
188,004.Groove_billed_Ani
189,004.Groove_billed_Ani
190,004.Groove_billed_Ani
191,004.Groove_billed_Ani
192,004.Groove_billed_Ani
193,004.Groove_billed_Ani
194,004.Groove_billed_Ani
195,004.Groove_billed_Ani
196,004.Groove_billed_Ani
197,004.Groove_billed_Ani
198,004.Groove_billed_Ani
199,004.Groove_billed_Ani
200,004.Groove_billed_Ani
201,004.Groove_billed_Ani
202,004.Groove_billed_Ani
203,004.Groove_billed_Ani
204,004.Groove_billed_Ani
205,004.Groove_billed_Ani
206,004.Groove_billed_Ani
207,004.Groove_billed_Ani
208,004.Groove_billed_Ani
209,004.Groove_billed_Ani
210,004.Groove_billed_Ani
211,004.Groove_billed_Ani
212,004.Groove_billed_Ani
213,004.Groove_billed_Ani
214,004.Groove_billed_Ani
215,004.Groove_billed_Ani
216,004.Groove_billed_Ani
217,004.Groove_billed_Ani
218,004.Groove_billed_Ani
219,004.Groove_billed_Ani
220,004.Groove_billed_Ani
221,004.Groove_billed_Ani
222,004.Groove_billed_Ani
223,004.Groove_billed_Ani
224,004.Groove_billed_Ani
225,004.Groove_billed_Ani
226,004.Groove_billed_Ani
227,004.Groove_billed_Ani
228,004.Groove_billed_Ani
229,004.Groove_billed_Ani
230,004.Groove_billed_Ani
231,004.Groove_billed_Ani
232,004.Groove_billed_Ani
233,004.Groove_billed_Ani
234,004.Groove_billed_Ani
235,004.Groove_billed_Ani
236,004.Groove_billed_Ani
237,004.Groove_billed_Ani
238,005.Crested_Auklet
239,005.Crested_Auklet
240,005.Crested_Auklet
241,005.Crested_Auklet
242,005.Crested_Auklet
243,005.Crested_Auklet
244,005.Crested_Auklet
245,005.Crested_Auklet
246,005.Crested_Auklet
247,005.Crested_Auklet
248,005.Crested_Auklet
249,005.Crested_Auklet
250,005.Crested_Auklet
251,005.Crested_Auklet
252,005.Crested_Auklet
253,005.Crested_Auklet
254,005.Crested_Auklet
255,005.Crested_Auklet
256,005.Crested_Auklet
257,005.Crested_Auklet
258,005.Crested_Auklet
259,005.Crested_Auklet
260,005.Crested_Auklet
261,005.Crested_Auklet
262,005.Crested_Auklet
263,005.Crested_Auklet
264,005.Crested_Auklet
265,005.Crested_Auklet
266,005.Crested_Auklet
267,005.Crested_Auklet
268,005.Crested_Auklet
269,005.Crested_Auklet
270,005.Crested_Auklet
271,005.Crested_Auklet
272,005.Crested_Auklet
273,005.Crested_Auklet
274,005.Crested_Auklet
275,005.Crested_Auklet
276,005.Crested_Auklet
277,005.Crested_Auklet
278,005.Crested_Auklet
279,005.Crested_Auklet
280,005.Crested_Auklet
281,005.Crested_Auklet
282,006.Least_Auklet
283,006.Least_Auklet
284,006.Least_Auklet
285,006.Least_Auklet
286,006.Least_Auklet
287,006.Least_Auklet
288,006.Least_Auklet
289,006.Least_Auklet
290,006.Least_Auklet
291,006.Least_Auklet
292,006.Least_Auklet
293,006.Least_Auklet
294,006.Least_Auklet
295,006.Least_Auklet
296,006.Least_Auklet
297,006.Least_Auklet
298,006.Least_Auklet
299,006.Least_Auklet
300,006.Least_Auklet
301,006.Least_Auklet
302,006.Least_Auklet
303,006.Least_Auklet
304,006.Least_Auklet
305,006.Least_Auklet
306,006.Least_Auklet
307,006.Least_Auklet
308,006.Least_Auklet
309,006.Least_Auklet
310,006.Least_Auklet
311,006.Least_Auklet
312,006.Least_Auklet
313,006.Least_Auklet
314,006.Least_Auklet
315,006.Least_Auklet
316,006.Least_Auklet
317,006.Least_Auklet
318,006.Least_Auklet
319,006.Least_Auklet
320,006.Least_Auklet
321,006.Least_Auklet
322,006.Least_Auklet
323,007.Parakeet_Auklet
324,007.Parakeet_Auklet
325,007.Parakeet_Auklet
326,007.Parakeet_Auklet
327,007.Parakeet_Auklet
328,007.Parakeet_Auklet
329,007.Parakeet_Auklet
330,007.Parakeet_Auklet
331,007.Parakeet_Auklet
332,007.Parakeet_Auklet
333,007.Parakeet_Auklet
334,007.Parakeet_Auklet
335,007.Parakeet_Auklet
336,007.Parakeet_Auklet
337,007.Parakeet_Auklet
338,007.Parakeet_Auklet
339,007.Parakeet_Auklet
340,007.Parakeet_Auklet
341,007.Parakeet_Auklet
342,007.Parakeet_Auklet
343,007.Parakeet_Auklet
344,007.Parakeet_Auklet
345,007.Parakeet_Auklet
346,007.Parakeet_Auklet
347,007.Parakeet_Auklet
348,007.Parakeet_Auklet
349,007.Parakeet_Auklet
350,007.Parakeet_Auklet
351,007.Parakeet_Auklet
352,007.Parakeet_Auklet
353,007.Parakeet_Auklet
354,007.Parakeet_Auklet
355,007.Parakeet_Auklet
356,007.Parakeet_Auklet
357,007.Parakeet_Auklet
358,007.Parakeet_Auklet
359,007.Parakeet_Auklet
360,007.Parakeet_Auklet
361,007.Parakeet_Auklet
362,007.Parakeet_Auklet
363,007.Parakeet_Auklet
364,007.Parakeet_Auklet
365,007.Parakeet_Auklet
366,007.Parakeet_Auklet
367,007.Parakeet_Auklet
368,007.Parakeet_Auklet
369,007.Parakeet_Auklet
370,007.Parakeet_Auklet
371,007.Parakeet_Auklet
372,007.Parakeet_Auklet
373,007.Parakeet_Auklet
374,007.Parakeet_Auklet
375,007.Parakeet_Auklet
376,008.Rhinoceros_Auklet
377,008.Rhinoceros_Auklet
378,008.Rhinoceros_Auklet
379,008.Rhinoceros_Auklet
380,008.Rhinoceros_Auklet
381,008.Rhinoceros_Auklet
382,008.Rhinoceros_Auklet
383,008.Rhinoceros_Auklet
384,008.Rhinoceros_Auklet
385,008.Rhinoceros_Auklet
386,008.Rhinoceros_Auklet
387,008.Rhinoceros_Auklet
388,008.Rhinoceros_Auklet
389,008.Rhinoceros_Auklet
390,008.Rhinoceros_Auklet
391,008.Rhinoceros_Auklet
392,008.Rhinoceros_Auklet
393,008.Rhinoceros_Auklet
394,008.Rhinoceros_Auklet
395,008.Rhinoceros_Auklet
396,008.Rhinoceros_Auklet
397,008.Rhinoceros_Auklet
398,008.Rhinoceros_Auklet
399,008.Rhinoceros_Auklet
400,008.Rhinoceros_Auklet
401,008.Rhinoceros_Auklet
402,008.Rhinoceros_Auklet
403,008.Rhinoceros_Auklet
404,008.Rhinoceros_Auklet
405,008.Rhinoceros_Auklet
406,008.Rhinoceros_Auklet
407,008.Rhinoceros_Auklet
408,008.Rhinoceros_Auklet
409,008.Rhinoceros_Auklet
410,008.Rhinoceros_Auklet
411,008.Rhinoceros_Auklet
412,008.Rhinoceros_Auklet
413,008.Rhinoceros_Auklet
414,008.Rhinoceros_Auklet
415,008.Rhinoceros_Auklet
416,008.Rhinoceros_Auklet
417,008.Rhinoceros_Auklet
418,008.Rhinoceros_Auklet
419,008.Rhinoceros_Auklet
420,008.Rhinoceros_Auklet
421,008.Rhinoceros_Auklet
422,008.Rhinoceros_Auklet
423,008.Rhinoceros_Auklet
424,009.Brewer_Blackbird
425,009.Brewer_Blackbird
426,009.Brewer_Blackbird
427,009.Brewer_Blackbird
428,009.Brewer_Blackbird
429,009.Brewer_Blackbird
430,009.Brewer_Blackbird
431,009.Brewer_Blackbird
432,009.Brewer_Blackbird
433,009.Brewer_Blackbird
434,009.Brewer_Blackbird
435,009.Brewer_Blackbird
436,009.Brewer_Blackbird
437,009.Brewer_Blackbird
438,009.Brewer_Blackbird
439,009.Brewer_Blackbird
440,009.Brewer_Blackbird
441,009.Brewer_Blackbird
442,009.Brewer_Blackbird
443,009.Brewer_Blackbird
444,009.Brewer_Blackbird
445,009.Brewer_Blackbird
446,009.Brewer_Blackbird
447,009.Brewer_Blackbird
448,009.Brewer_Blackbird
449,009.Brewer_Blackbird
450,009.Brewer_Blackbird
451,009.Brewer_Blackbird
452,009.Brewer_Blackbird
453,009.Brewer_Blackbird
454,009.Brewer_Blackbird
455,009.Brewer_Blackbird
456,009.Brewer_Blackbird
457,009.Brewer_Blackbird
458,009.Brewer_Blackbird
459,009.Brewer_Blackbird
460,009.Brewer_Blackbird
461,009.Brewer_Blackbird
462,009.Brewer_Blackbird
463,009.Brewer_Blackbird
464,009.Brewer_Blackbird
465,009.Brewer_Blackbird
466,009.Brewer_Blackbird
467,009.Brewer_Blackbird
468,009.Brewer_Blackbird
469,009.Brewer_Blackbird
470,009.Brewer_Blackbird
471,009.Brewer_Blackbird
472,009.Brewer_Blackbird
473,009.Brewer_Blackbird
474,009.Brewer_Blackbird
475,009.Brewer_Blackbird
476,009.Brewer_Blackbird
477,009.Brewer_Blackbird
478,009.Brewer_Blackbird
479,009.Brewer_Blackbird
480,009.Brewer_Blackbird
481,009.Brewer_Blackbird
482,009.Brewer_Blackbird
483,010.Red_winged_Blackbird
484,010.Red_winged_Blackbird
485,010.Red_winged_Blackbird
486,010.Red_winged_Blackbird
487,010.Red_winged_Blackbird
488,010.Red_winged_Blackbird
489,010.Red_winged_Blackbird
490,010.Red_winged_Blackbird
491,010.Red_winged_Blackbird
492,010.Red_winged_Blackbird
493,010.Red_winged_Blackbird
494,010.Red_winged_Blackbird
495,010.Red_winged_Blackbird
496,010.Red_winged_Blackbird
497,010.Red_winged_Blackbird
498,010.Red_winged_Blackbird
499,010.Red_winged_Blackbird
500,010.Red_winged_Blackbird
501,010.Red_winged_Blackbird
502,010.Red_winged_Blackbird
503,010.Red_winged_Blackbird
504,010.Red_winged_Blackbird
505,010.Red_winged_Blackbird
506,010.Red_winged_Blackbird
507,010.Red_winged_Blackbird
508,010.Red_winged_Blackbird
509,010.Red_winged_Blackbird
510,010.Red_winged_Blackbird
511,010.Red_winged_Blackbird
512,010.Red_winged_Blackbird
513,010.Red_winged_Blackbird
514,010.Red_winged_Blackbird
515,010.Red_winged_Blackbird
516,010.Red_winged_Blackbird
517,010.Red_winged_Blackbird
518,010.Red_winged_Blackbird
519,010.Red_winged_Blackbird
520,010.Red_winged_Blackbird
521,010.Red_winged_Blackbird
522,010.Red_winged_Blackbird
523,010.Red_winged_Blackbird
524,010.Red_winged_Blackbird
525,010.Red_winged_Blackbird
526,010.Red_winged_Blackbird
527,010.Red_winged_Blackbird
528,010.Red_winged_Blackbird
529,010.Red_winged_Blackbird
530,010.Red_winged_Blackbird
531,010.Red_winged_Blackbird
532,010.Red_winged_Blackbird
533,010.Red_winged_Blackbird
534,010.Red_winged_Blackbird
535,010.Red_winged_Blackbird
536,010.Red_winged_Blackbird
537,010.Red_winged_Blackbird
538,010.Red_winged_Blackbird
539,010.Red_winged_Blackbird
540,010.Red_winged_Blackbird
541,010.Red_winged_Blackbird
542,010.Red_winged_Blackbird
543,011.Rusty_Blackbird
544,011.Rusty_Blackbird
545,011.Rusty_Blackbird
546,011.Rusty_Blackbird
547,011.Rusty_Blackbird
548,011.Rusty_Blackbird
549,011.Rusty_Blackbird
550,011.Rusty_Blackbird
551,011.Rusty_Blackbird
552,011.Rusty_Blackbird
553,011.Rusty_Blackbird
554,011.Rusty_Blackbird
555,011.Rusty_Blackbird
556,011.Rusty_Blackbird
557,011.Rusty_Blackbird
558,011.Rusty_Blackbird
559,011.Rusty_Blackbird
560,011.Rusty_Blackbird
561,011.Rusty_Blackbird
562,011.Rusty_Blackbird
563,011.Rusty_Blackbird
564,011.Rusty_Blackbird
565,011.Rusty_Blackbird
566,011.Rusty_Blackbird
567,011.Rusty_Blackbird
568,011.Rusty_Blackbird
569,011.Rusty_Blackbird
570,011.Rusty_Blackbird
571,011.Rusty_Blackbird
572,011.Rusty_Blackbird
573,011.Rusty_Blackbird
574,011.Rusty_Blackbird
575,011.Rusty_Blackbird
576,011.Rusty_Blackbird
577,011.Rusty_Blackbird
578,011.Rusty_Blackbird
579,011.Rusty_Blackbird
580,011.Rusty_Blackbird
581,011.Rusty_Blackbird
582,011.Rusty_Blackbird
583,011.Rusty_Blackbird
584,011.Rusty_Blackbird
585,011.Rusty_Blackbird
586,011.Rusty_Blackbird
587,011.Rusty_Blackbird
588,011.Rusty_Blackbird
589,011.Rusty_Blackbird
590,011.Rusty_Blackbird
591,011.Rusty_Blackbird
592,011.Rusty_Blackbird
593,011.Rusty_Blackbird
594,011.Rusty_Blackbird
595,011.Rusty_Blackbird
596,011.Rusty_Blackbird
597,011.Rusty_Blackbird
598,011.Rusty_Blackbird
599,011.Rusty_Blackbird
600,011.Rusty_Blackbird
601,011.Rusty_Blackbird
602,011.Rusty_Blackbird
603,012.Yellow_headed_Blackbird
604,012.Yellow_headed_Blackbird
605,012.Yellow_headed_Blackbird
606,012.Yellow_headed_Blackbird
607,012.Yellow_headed_Blackbird
608,012.Yellow_headed_Blackbird
609,012.Yellow_headed_Blackbird
610,012.Yellow_headed_Blackbird
611,012.Yellow_headed_Blackbird
612,012.Yellow_headed_Blackbird
613,012.Yellow_headed_Blackbird
614,012.Yellow_headed_Blackbird
615,012.Yellow_headed_Blackbird
616,012.Yellow_headed_Blackbird
617,012.Yellow_headed_Blackbird
618,012.Yellow_headed_Blackbird
619,012.Yellow_headed_Blackbird
620,012.Yellow_headed_Blackbird
621,012.Yellow_headed_Blackbird
622,012.Yellow_headed_Blackbird
623,012.Yellow_headed_Blackbird
624,012.Yellow_headed_Blackbird
625,012.Yellow_headed_Blackbird
626,012.Yellow_headed_Blackbird
627,012.Yellow_headed_Blackbird
628,012.Yellow_headed_Blackbird
629,012.Yellow_headed_Blackbird
630,012.Yellow_headed_Blackbird
631,012.Yellow_headed_Blackbird
632,012.Yellow_headed_Blackbird
633,012.Yellow_headed_Blackbird
634,012.Yellow_headed_Blackbird
635,012.Yellow_headed_Blackbird
636,012.Yellow_headed_Blackbird
637,012.Yellow_headed_Blackbird
638,012.Yellow_headed_Blackbird
639,012.Yellow_headed_Blackbird
640,012.Yellow_headed_Blackbird
641,012.Yellow_headed_Blackbird
642,012.Yellow_headed_Blackbird
643,012.Yellow_headed_Blackbird
644,012.Yellow_headed_Blackbird
645,012.Yellow_headed_Blackbird
646,012.Yellow_headed_Blackbird
647,012.Yellow_headed_Blackbird
648,012.Yellow_headed_Blackbird
649,012.Yellow_headed_Blackbird
650,012.Yellow_headed_Blackbird
651,012.Yellow_headed_Blackbird
652,012.Yellow_headed_Blackbird
653,012.Yellow_headed_Blackbird
654,012.Yellow_headed_Blackbird
655,012.Yellow_headed_Blackbird
656,012.Yellow_headed_Blackbird
657,012.Yellow_headed_Blackbird
658,012.Yellow_headed_Blackbird
659,013.Bobolink
660,013.Bobolink
661,013.Bobolink
662,013.Bobolink
663,013.Bobolink
664,013.Bobolink
665,013.Bobolink
666,013.Bobolink
667,013.Bobolink
668,013.Bobolink
669,013.Bobolink
670,013.Bobolink
671,013.Bobolink
672,013.Bobolink
673,013.Bobolink
674,013.Bobolink
675,013.Bobolink
676,013.Bobolink
677,013.Bobolink
678,013.Bobolink
679,013.Bobolink
680,013.Bobolink
681,013.Bobolink
682,013.Bobolink
683,013.Bobolink
684,013.Bobolink
685,013.Bobolink
686,013.Bobolink
687,013.Bobolink
688,013.Bobolink
689,013.Bobolink
690,013.Bobolink
691,013.Bobolink
692,013.Bobolink
693,013.Bobolink
694,013.Bobolink
695,013.Bobolink
696,013.Bobolink
697,013.Bobolink
698,013.Bobolink
699,013.Bobolink
700,013.Bobolink
701,013.Bobolink
702,013.Bobolink
703,013.Bobolink
704,013.Bobolink
705,013.Bobolink
706,013.Bobolink
707,013.Bobolink
708,013.Bobolink
709,013.Bobolink
710,013.Bobolink
711,013.Bobolink
712,013.Bobolink
713,013.Bobolink
714,013.Bobolink
715,013.Bobolink
716,013.Bobolink
717,013.Bobolink
718,013.Bobolink
719,014.Indigo_Bunting
720,014.Indigo_Bunting
721,014.Indigo_Bunting
722,014.Indigo_Bunting
723,014.Indigo_Bunting
724,014.Indigo_Bunting
725,014.Indigo_Bunting
726,014.Indigo_Bunting
727,014.Indigo_Bunting
728,014.Indigo_Bunting
729,014.Indigo_Bunting
730,014.Indigo_Bunting
731,014.Indigo_Bunting
732,014.Indigo_Bunting
733,014.Indigo_Bunting
734,014.Indigo_Bunting
735,014.Indigo_Bunting
736,014.Indigo_Bunting
737,014.Indigo_Bunting
738,014.Indigo_Bunting
739,014.Indigo_Bunting
740,014.Indigo_Bunting
741,014.Indigo_Bunting
742,014.Indigo_Bunting
743,014.Indigo_Bunting
744,014.Indigo_Bunting
745,014.Indigo_Bunting
746,014.Indigo_Bunting
747,014.Indigo_Bunting
748,014.Indigo_Bunting
749,014.Indigo_Bunting
750,014.Indigo_Bunting
751,014.Indigo_Bunting
752,014.Indigo_Bunting
753,014.Indigo_Bunting
754,014.Indigo_Bunting
755,014.Indigo_Bunting
756,014.Indigo_Bunting
757,014.Indigo_Bunting
758,014.Indigo_Bunting
759,014.Indigo_Bunting
760,014.Indigo_Bunting
761,014.Indigo_Bunting
762,014.Indigo_Bunting
763,014.Indigo_Bunting
764,014.Indigo_Bunting
765,014.Indigo_Bunting
766,014.Indigo_Bunting
767,014.Indigo_Bunting
768,014.Indigo_Bunting
769,014.Indigo_Bunting
770,014.Indigo_Bunting
771,014.Indigo_Bunting
772,014.Indigo_Bunting
773,014.Indigo_Bunting
774,014.Indigo_Bunting
775,014.Indigo_Bunting
776,014.Indigo_Bunting
777,014.Indigo_Bunting
778,014.Indigo_Bunting
779,015.Lazuli_Bunting
780,015.Lazuli_Bunting
781,015.Lazuli_Bunting
782,015.Lazuli_Bunting
783,015.Lazuli_Bunting
784,015.Lazuli_Bunting
785,015.Lazuli_Bunting
786,015.Lazuli_Bunting
787,015.Lazuli_Bunting
788,015.Lazuli_Bunting
789,015.Lazuli_Bunting
790,015.Lazuli_Bunting
791,015.Lazuli_Bunting
792,015.Lazuli_Bunting
793,015.Lazuli_Bunting
794,015.Lazuli_Bunting
795,015.Lazuli_Bunting
796,015.Lazuli_Bunting
797,015.Lazuli_Bunting
798,015.Lazuli_Bunting
799,015.Lazuli_Bunting
800,015.Lazuli_Bunting
801,015.Lazuli_Bunting
802,015.Lazuli_Bunting
803,015.Lazuli_Bunting
804,015.Lazuli_Bunting
805,015.Lazuli_Bunting
806,015.Lazuli_Bunting
807,015.Lazuli_Bunting
808,015.Lazuli_Bunting
809,015.Lazuli_Bunting
810,015.Lazuli_Bunting
811,015.Lazuli_Bunting
812,015.Lazuli_Bunting
813,015.Lazuli_Bunting
814,015.Lazuli_Bunting
815,015.Lazuli_Bunting
816,015.Lazuli_Bunting
817,015.Lazuli_Bunting
818,015.Lazuli_Bunting
819,015.Lazuli_Bunting
820,015.Lazuli_Bunting
821,015.Lazuli_Bunting
822,015.Lazuli_Bunting
823,015.Lazuli_Bunting
824,015.Lazuli_Bunting
825,015.Lazuli_Bunting
826,015.Lazuli_Bunting
827,015.Lazuli_Bunting
828,015.Lazuli_Bunting
829,015.Lazuli_Bunting
830,015.Lazuli_Bunting
831,015.Lazuli_Bunting
832,015.Lazuli_Bunting
833,015.Lazuli_Bunting
834,015.Lazuli_Bunting
835,015.Lazuli_Bunting
836,015.Lazuli_Bunting
837,016.Painted_Bunting
838,016.Painted_Bunting
839,016.Painted_Bunting
840,016.Painted_Bunting
841,016.Painted_Bunting
842,016.Painted_Bunting
843,016.Painted_Bunting
844,016.Painted_Bunting
845,016.Painted_Bunting
846,016.Painted_Bunting
847,016.Painted_Bunting
848,016.Painted_Bunting
849,016.Painted_Bunting
850,016.Painted_Bunting
851,016.Painted_Bunting
852,016.Painted_Bunting
853,016.Painted_Bunting
854,016.Painted_Bunting
855,016.Painted_Bunting
856,016.Painted_Bunting
857,016.Painted_Bunting
858,016.Painted_Bunting
859,016.Painted_Bunting
860,016.Painted_Bunting
861,016.Painted_Bunting
862,016.Painted_Bunting
863,016.Painted_Bunting
864,016.Painted_Bunting
865,016.Painted_Bunting
866,016.Painted_Bunting
867,016.Painted_Bunting
868,016.Painted_Bunting
869,016.Painted_Bunting
870,016.Painted_Bunting
871,016.Painted_Bunting
872,016.Painted_Bunting
873,016.Painted_Bunting
874,016.Painted_Bunting
875,016.Painted_Bunting
876,016.Painted_Bunting
877,016.Painted_Bunting
878,016.Painted_Bunting
879,016.Painted_Bunting
880,016.Painted_Bunting
881,016.Painted_Bunting
882,016.Painted_Bunting
883,016.Painted_Bunting
884,016.Painted_Bunting
885,016.Painted_Bunting
886,016.Painted_Bunting
887,016.Painted_Bunting
888,016.Painted_Bunting
889,016.Painted_Bunting
890,016.Painted_Bunting
891,016.Painted_Bunting
892,016.Painted_Bunting
893,016.Painted_Bunting
894,016.Painted_Bunting
895,017.Cardinal
896,017.Cardinal
897,017.Cardinal
898,017.Cardinal
899,017.Cardinal
900,017.Cardinal
901,017.Cardinal
902,017.Cardinal
903,017.Cardinal
904,017.Cardinal
905,017.Cardinal
906,017.Cardinal
907,017.Cardinal
908,017.Cardinal
909,017.Cardinal
910,017.Cardinal
911,017.Cardinal
912,017.Cardinal
913,017.Cardinal
914,017.Cardinal
915,017.Cardinal
916,017.Cardinal
917,017.Cardinal
918,017.Cardinal
919,017.Cardinal
920,017.Cardinal
921,017.Cardinal
922,017.Cardinal
923,017.Cardinal
924,017.Cardinal
925,017.Cardinal
926,017.Cardinal
927,017.Cardinal
928,017.Cardinal
929,017.Cardinal
930,017.Cardinal
931,017.Cardinal
932,017.Cardinal
933,017.Cardinal
934,017.Cardinal
935,017.Cardinal
936,017.Cardinal
937,017.Cardinal
938,017.Cardinal
939,017.Cardinal
940,017.Cardinal
941,017.Cardinal
942,017.Cardinal
943,017.Cardinal
944,017.Cardinal
945,017.Cardinal
946,017.Cardinal
947,017.Cardinal
948,017.Cardinal
949,017.Cardinal
950,017.Cardinal
951,017.Cardinal
952,018.Spotted_Catbird
953,018.Spotted_Catbird
954,018.Spotted_Catbird
955,018.Spotted_Catbird
956,018.Spotted_Catbird
957,018.Spotted_Catbird
958,018.Spotted_Catbird
959,018.Spotted_Catbird
960,018.Spotted_Catbird
961,018.Spotted_Catbird
962,018.Spotted_Catbird
963,018.Spotted_Catbird
964,018.Spotted_Catbird
965,018.Spotted_Catbird
966,018.Spotted_Catbird
967,018.Spotted_Catbird
968,018.Spotted_Catbird
969,018.Spotted_Catbird
970,018.Spotted_Catbird
971,018.Spotted_Catbird
972,018.Spotted_Catbird
973,018.Spotted_Catbird
974,018.Spotted_Catbird
975,018.Spotted_Catbird
976,018.Spotted_Catbird
977,018.Spotted_Catbird
978,018.Spotted_Catbird
979,018.Spotted_Catbird
980,018.Spotted_Catbird
981,018.Spotted_Catbird
982,018.Spotted_Catbird
983,018.Spotted_Catbird
984,018.Spotted_Catbird
985,018.Spotted_Catbird
986,018.Spotted_Catbird
987,018.Spotted_Catbird
988,018.Spotted_Catbird
989,018.Spotted_Catbird
990,018.Spotted_Catbird
991,018.Spotted_Catbird
992,018.Spotted_Catbird
993,018.Spotted_Catbird
994,018.Spotted_Catbird
995,018.Spotted_Catbird
996,018.Spotted_Catbird
997,019.Gray_Catbird
998,019.Gray_Catbird
999,019.Gray_Catbird
1000,019.Gray_Catbird
1001,019.Gray_Catbird
1002,019.Gray_Catbird
1003,019.Gray_Catbird
1004,019.Gray_Catbird
1005,019.Gray_Catbird
1006,019.Gray_Catbird
1007,019.Gray_Catbird
1008,019.Gray_Catbird
1009,019.Gray_Catbird
1010,019.Gray_Catbird
1011,019.Gray_Catbird
1012,019.Gray_Catbird
1013,019.Gray_Catbird
1014,019.Gray_Catbird
1015,019.Gray_Catbird
1016,019.Gray_Catbird
1017,019.Gray_Catbird
1018,019.Gray_Catbird
1019,019.Gray_Catbird
1020,019.Gray_Catbird
1021,019.Gray_Catbird
1022,019.Gray_Catbird
1023,019.Gray_Catbird
1024,019.Gray_Catbird
1025,019.Gray_Catbird
1026,019.Gray_Catbird
1027,019.Gray_Catbird
1028,019.Gray_Catbird
1029,019.Gray_Catbird
1030,019.Gray_Catbird
1031,019.Gray_Catbird
1032,019.Gray_Catbird
1033,019.Gray_Catbird
1034,019.Gray_Catbird
1035,019.Gray_Catbird
1036,019.Gray_Catbird
1037,019.Gray_Catbird
1038,019.Gray_Catbird
1039,019.Gray_Catbird
1040,019.Gray_Catbird
1041,019.Gray_Catbird
1042,019.Gray_Catbird
1043,019.Gray_Catbird
1044,019.Gray_Catbird
1045,019.Gray_Catbird
1046,019.Gray_Catbird
1047,019.Gray_Catbird
1048,019.Gray_Catbird
1049,019.Gray_Catbird
1050,019.Gray_Catbird
1051,019.Gray_Catbird
1052,019.Gray_Catbird
1053,019.Gray_Catbird
1054,019.Gray_Catbird
1055,019.Gray_Catbird
1056,020.Yellow_breasted_Chat
1057,020.Yellow_breasted_Chat
1058,020.Yellow_breasted_Chat
1059,020.Yellow_breasted_Chat
1060,020.Yellow_breasted_Chat
1061,020.Yellow_breasted_Chat
1062,020.Yellow_breasted_Chat
1063,020.Yellow_breasted_Chat
1064,020.Yellow_breasted_Chat
1065,020.Yellow_breasted_Chat
1066,020.Yellow_breasted_Chat
1067,020.Yellow_breasted_Chat
1068,020.Yellow_breasted_Chat
1069,020.Yellow_breasted_Chat
1070,020.Yellow_breasted_Chat
1071,020.Yellow_breasted_Chat
1072,020.Yellow_breasted_Chat
1073,020.Yellow_breasted_Chat
1074,020.Yellow_breasted_Chat
1075,020.Yellow_breasted_Chat
1076,020.Yellow_breasted_Chat
1077,020.Yellow_breasted_Chat
1078,020.Yellow_breasted_Chat
1079,020.Yellow_breasted_Chat
1080,020.Yellow_breasted_Chat
1081,020.Yellow_breasted_Chat
1082,020.Yellow_breasted_Chat
1083,020.Yellow_breasted_Chat
1084,020.Yellow_breasted_Chat
1085,020.Yellow_breasted_Chat
1086,020.Yellow_breasted_Chat
1087,020.Yellow_breasted_Chat
1088,020.Yellow_breasted_Chat
1089,020.Yellow_breasted_Chat
1090,020.Yellow_breasted_Chat
1091,020.Yellow_breasted_Chat
1092,020.Yellow_breasted_Chat
1093,020.Yellow_breasted_Chat
1094,020.Yellow_breasted_Chat
1095,020.Yellow_breasted_Chat
1096,020.Yellow_breasted_Chat
1097,020.Yellow_breasted_Chat
1098,020.Yellow_breasted_Chat
1099,020.Yellow_breasted_Chat
1100,020.Yellow_breasted_Chat
1101,020.Yellow_breasted_Chat
1102,020.Yellow_breasted_Chat
1103,020.Yellow_breasted_Chat
1104,020.Yellow_breasted_Chat
1105,020.Yellow_breasted_Chat
1106,020.Yellow_breasted_Chat
1107,020.Yellow_breasted_Chat
1108,020.Yellow_breasted_Chat
1109,020.Yellow_breasted_Chat
1110,020.Yellow_breasted_Chat
1111,020.Yellow_breasted_Chat
1112,020.Yellow_breasted_Chat
1113,020.Yellow_breasted_Chat
1114,020.Yellow_breasted_Chat
1115,021.Eastern_Towhee
1116,021.Eastern_Towhee
1117,021.Eastern_Towhee
1118,021.Eastern_Towhee
1119,021.Eastern_Towhee
1120,021.Eastern_Towhee
1121,021.Eastern_Towhee
1122,021.Eastern_Towhee
1123,021.Eastern_Towhee
1124,021.Eastern_Towhee
1125,021.Eastern_Towhee
1126,021.Eastern_Towhee
1127,021.Eastern_Towhee
1128,021.Eastern_Towhee
1129,021.Eastern_Towhee
1130,021.Eastern_Towhee
1131,021.Eastern_Towhee
1132,021.Eastern_Towhee
1133,021.Eastern_Towhee
1134,021.Eastern_Towhee
1135,021.Eastern_Towhee
1136,021.Eastern_Towhee
1137,021.Eastern_Towhee
1138,021.Eastern_Towhee
1139,021.Eastern_Towhee
1140,021.Eastern_Towhee
1141,021.Eastern_Towhee
1142,021.Eastern_Towhee
1143,021.Eastern_Towhee
1144,021.Eastern_Towhee
1145,021.Eastern_Towhee
1146,021.Eastern_Towhee
1147,021.Eastern_Towhee
1148,021.Eastern_Towhee
1149,021.Eastern_Towhee
1150,021.Eastern_Towhee
1151,021.Eastern_Towhee
1152,021.Eastern_Towhee
1153,021.Eastern_Towhee
1154,021.Eastern_Towhee
1155,021.Eastern_Towhee
1156,021.Eastern_Towhee
1157,021.Eastern_Towhee
1158,021.Eastern_Towhee
1159,021.Eastern_Towhee
1160,021.Eastern_Towhee
1161,021.Eastern_Towhee
1162,021.Eastern_Towhee
1163,021.Eastern_Towhee
1164,021.Eastern_Towhee
1165,021.Eastern_Towhee
1166,021.Eastern_Towhee
1167,021.Eastern_Towhee
1168,021.Eastern_Towhee
1169,021.Eastern_Towhee
1170,021.Eastern_Towhee
1171,021.Eastern_Towhee
1172,021.Eastern_Towhee
1173,021.Eastern_Towhee
1174,021.Eastern_Towhee
1175,022.Chuck_will_Widow
1176,022.Chuck_will_Widow
1177,022.Chuck_will_Widow
1178,022.Chuck_will_Widow
1179,022.Chuck_will_Widow
1180,022.Chuck_will_Widow
1181,022.Chuck_will_Widow
1182,022.Chuck_will_Widow
1183,022.Chuck_will_Widow
1184,022.Chuck_will_Widow
1185,022.Chuck_will_Widow
1186,022.Chuck_will_Widow
1187,022.Chuck_will_Widow
1188,022.Chuck_will_Widow
1189,022.Chuck_will_Widow
1190,022.Chuck_will_Widow
1191,022.Chuck_will_Widow
1192,022.Chuck_will_Widow
1193,022.Chuck_will_Widow
1194,022.Chuck_will_Widow
1195,022.Chuck_will_Widow
1196,022.Chuck_will_Widow
1197,022.Chuck_will_Widow
1198,022.Chuck_will_Widow
1199,022.Chuck_will_Widow
1200,022.Chuck_will_Widow
1201,022.Chuck_will_Widow
1202,022.Chuck_will_Widow
1203,022.Chuck_will_Widow
1204,022.Chuck_will_Widow
1205,022.Chuck_will_Widow
1206,022.Chuck_will_Widow
1207,022.Chuck_will_Widow
1208,022.Chuck_will_Widow
1209,022.Chuck_will_Widow
1210,022.Chuck_will_Widow
1211,022.Chuck_will_Widow
1212,022.Chuck_will_Widow
1213,022.Chuck_will_Widow
1214,022.Chuck_will_Widow
1215,022.Chuck_will_Widow
1216,022.Chuck_will_Widow
1217,022.Chuck_will_Widow
1218,022.Chuck_will_Widow
1219,022.Chuck_will_Widow
1220,022.Chuck_will_Widow
1221,022.Chuck_will_Widow
1222,022.Chuck_will_Widow
1223,022.Chuck_will_Widow
1224,022.Chuck_will_Widow
1225,022.Chuck_will_Widow
1226,022.Chuck_will_Widow
1227,022.Chuck_will_Widow
1228,022.Chuck_will_Widow
1229,022.Chuck_will_Widow
1230,022.Chuck_will_Widow
1231,023.Brandt_Cormorant
1232,023.Brandt_Cormorant
1233,023.Brandt_Cormorant
1234,023.Brandt_Cormorant
1235,023.Brandt_Cormorant
1236,023.Brandt_Cormorant
1237,023.Brandt_Cormorant
1238,023.Brandt_Cormorant
1239,023.Brandt_Cormorant
1240,023.Brandt_Cormorant
1241,023.Brandt_Cormorant
1242,023.Brandt_Cormorant
1243,023.Brandt_Cormorant
1244,023.Brandt_Cormorant
1245,023.Brandt_Cormorant
1246,023.Brandt_Cormorant
1247,023.Brandt_Cormorant
1248,023.Brandt_Cormorant
1249,023.Brandt_Cormorant
1250,023.Brandt_Cormorant
1251,023.Brandt_Cormorant
1252,023.Brandt_Cormorant
1253,023.Brandt_Cormorant
1254,023.Brandt_Cormorant
1255,023.Brandt_Cormorant
1256,023.Brandt_Cormorant
1257,023.Brandt_Cormorant
1258,023.Brandt_Cormorant
1259,023.Brandt_Cormorant
1260,023.Brandt_Cormorant
1261,023.Brandt_Cormorant
1262,023.Brandt_Cormorant
1263,023.Brandt_Cormorant
1264,023.Brandt_Cormorant
1265,023.Brandt_Cormorant
1266,023.Brandt_Cormorant
1267,023.Brandt_Cormorant
1268,023.Brandt_Cormorant
1269,023.Brandt_Cormorant
1270,023.Brandt_Cormorant
1271,023.Brandt_Cormorant
1272,023.Brandt_Cormorant
1273,023.Brandt_Cormorant
1274,023.Brandt_Cormorant
1275,023.Brandt_Cormorant
1276,023.Brandt_Cormorant
1277,023.Brandt_Cormorant
1278,023.Brandt_Cormorant
1279,023.Brandt_Cormorant
1280,023.Brandt_Cormorant
1281,023.Brandt_Cormorant
1282,023.Brandt_Cormorant
1283,023.Brandt_Cormorant
1284,023.Brandt_Cormorant
1285,023.Brandt_Cormorant
1286,023.Brandt_Cormorant
1287,023.Brandt_Cormorant
1288,023.Brandt_Cormorant
1289,023.Brandt_Cormorant
1290,024.Red_faced_Cormorant
1291,024.Red_faced_Cormorant
1292,024.Red_faced_Cormorant
1293,024.Red_faced_Cormorant
1294,024.Red_faced_Cormorant
1295,024.Red_faced_Cormorant
1296,024.Red_faced_Cormorant
1297,024.Red_faced_Cormorant
1298,024.Red_faced_Cormorant
1299,024.Red_faced_Cormorant
1300,024.Red_faced_Cormorant
1301,024.Red_faced_Cormorant
1302,024.Red_faced_Cormorant
1303,024.Red_faced_Cormorant
1304,024.Red_faced_Cormorant
1305,024.Red_faced_Cormorant
1306,024.Red_faced_Cormorant
1307,024.Red_faced_Cormorant
1308,024.Red_faced_Cormorant
1309,024.Red_faced_Cormorant
1310,024.Red_faced_Cormorant
1311,024.Red_faced_Cormorant
1312,024.Red_faced_Cormorant
1313,024.Red_faced_Cormorant
1314,024.Red_faced_Cormorant
1315,024.Red_faced_Cormorant
1316,024.Red_faced_Cormorant
1317,024.Red_faced_Cormorant
1318,024.Red_faced_Cormorant
1319,024.Red_faced_Cormorant
1320,024.Red_faced_Cormorant
1321,024.Red_faced_Cormorant
1322,024.Red_faced_Cormorant
1323,024.Red_faced_Cormorant
1324,024.Red_faced_Cormorant
1325,024.Red_faced_Cormorant
1326,024.Red_faced_Cormorant
1327,024.Red_faced_Cormorant
1328,024.Red_faced_Cormorant
1329,024.Red_faced_Cormorant
1330,024.Red_faced_Cormorant
1331,024.Red_faced_Cormorant
1332,024.Red_faced_Cormorant
1333,024.Red_faced_Cormorant
1334,024.Red_faced_Cormorant
1335,024.Red_faced_Cormorant
1336,024.Red_faced_Cormorant
1337,024.Red_faced_Cormorant
1338,024.Red_faced_Cormorant
1339,024.Red_faced_Cormorant
1340,024.Red_faced_Cormorant
1341,024.Red_faced_Cormorant
1342,025.Pelagic_Cormorant
1343,025.Pelagic_Cormorant
1344,025.Pelagic_Cormorant
1345,025.Pelagic_Cormorant
1346,025.Pelagic_Cormorant
1347,025.Pelagic_Cormorant
1348,025.Pelagic_Cormorant
1349,025.Pelagic_Cormorant
1350,025.Pelagic_Cormorant
1351,025.Pelagic_Cormorant
1352,025.Pelagic_Cormorant
1353,025.Pelagic_Cormorant
1354,025.Pelagic_Cormorant
1355,025.Pelagic_Cormorant
1356,025.Pelagic_Cormorant
1357,025.Pelagic_Cormorant
1358,025.Pelagic_Cormorant
1359,025.Pelagic_Cormorant
1360,025.Pelagic_Cormorant
1361,025.Pelagic_Cormorant
1362,025.Pelagic_Cormorant
1363,025.Pelagic_Cormorant
1364,025.Pelagic_Cormorant
1365,025.Pelagic_Cormorant
1366,025.Pelagic_Cormorant
1367,025.Pelagic_Cormorant
1368,025.Pelagic_Cormorant
1369,025.Pelagic_Cormorant
1370,025.Pelagic_Cormorant
1371,025.Pelagic_Cormorant
1372,025.Pelagic_Cormorant
1373,025.Pelagic_Cormorant
1374,025.Pelagic_Cormorant
1375,025.Pelagic_Cormorant
1376,025.Pelagic_Cormorant
1377,025.Pelagic_Cormorant
1378,025.Pelagic_Cormorant
1379,025.Pelagic_Cormorant
1380,025.Pelagic_Cormorant
1381,025.Pelagic_Cormorant
1382,025.Pelagic_Cormorant
1383,025.Pelagic_Cormorant
1384,025.Pelagic_Cormorant
1385,025.Pelagic_Cormorant
1386,025.Pelagic_Cormorant
1387,025.Pelagic_Cormorant
1388,025.Pelagic_Cormorant
1389,025.Pelagic_Cormorant
1390,025.Pelagic_Cormorant
1391,025.Pelagic_Cormorant
1392,025.Pelagic_Cormorant
1393,025.Pelagic_Cormorant
1394,025.Pelagic_Cormorant
1395,025.Pelagic_Cormorant
1396,025.Pelagic_Cormorant
1397,025.Pelagic_Cormorant
1398,025.Pelagic_Cormorant
1399,025.Pelagic_Cormorant
1400,025.Pelagic_Cormorant
1401,025.Pelagic_Cormorant
1402,026.Bronzed_Cowbird
1403,026.Bronzed_Cowbird
1404,026.Bronzed_Cowbird
1405,026.Bronzed_Cowbird
1406,026.Bronzed_Cowbird
1407,026.Bronzed_Cowbird
1408,026.Bronzed_Cowbird
1409,026.Bronzed_Cowbird
1410,026.Bronzed_Cowbird
1411,026.Bronzed_Cowbird
1412,026.Bronzed_Cowbird
1413,026.Bronzed_Cowbird
1414,026.Bronzed_Cowbird
1415,026.Bronzed_Cowbird
1416,026.Bronzed_Cowbird
1417,026.Bronzed_Cowbird
1418,026.Bronzed_Cowbird
1419,026.Bronzed_Cowbird
1420,026.Bronzed_Cowbird
1421,026.Bronzed_Cowbird
1422,026.Bronzed_Cowbird
1423,026.Bronzed_Cowbird
1424,026.Bronzed_Cowbird
1425,026.Bronzed_Cowbird
1426,026.Bronzed_Cowbird
1427,026.Bronzed_Cowbird
1428,026.Bronzed_Cowbird
1429,026.Bronzed_Cowbird
1430,026.Bronzed_Cowbird
1431,026.Bronzed_Cowbird
1432,026.Bronzed_Cowbird
1433,026.Bronzed_Cowbird
1434,026.Bronzed_Cowbird
1435,026.Bronzed_Cowbird
1436,026.Bronzed_Cowbird
1437,026.Bronzed_Cowbird
1438,026.Bronzed_Cowbird
1439,026.Bronzed_Cowbird
1440,026.Bronzed_Cowbird
1441,026.Bronzed_Cowbird
1442,026.Bronzed_Cowbird
1443,026.Bronzed_Cowbird
1444,026.Bronzed_Cowbird
1445,026.Bronzed_Cowbird
1446,026.Bronzed_Cowbird
1447,026.Bronzed_Cowbird
1448,026.Bronzed_Cowbird
1449,026.Bronzed_Cowbird
1450,026.Bronzed_Cowbird
1451,026.Bronzed_Cowbird
1452,026.Bronzed_Cowbird
1453,026.Bronzed_Cowbird
1454,026.Bronzed_Cowbird
1455,026.Bronzed_Cowbird
1456,026.Bronzed_Cowbird
1457,026.Bronzed_Cowbird
1458,026.Bronzed_Cowbird
1459,026.Bronzed_Cowbird
1460,026.Bronzed_Cowbird
1461,026.Bronzed_Cowbird
1462,027.Shiny_Cowbird
1463,027.Shiny_Cowbird
1464,027.Shiny_Cowbird
1465,027.Shiny_Cowbird
1466,027.Shiny_Cowbird
1467,027.Shiny_Cowbird
1468,027.Shiny_Cowbird
1469,027.Shiny_Cowbird
1470,027.Shiny_Cowbird
1471,027.Shiny_Cowbird
1472,027.Shiny_Cowbird
1473,027.Shiny_Cowbird
1474,027.Shiny_Cowbird
1475,027.Shiny_Cowbird
1476,027.Shiny_Cowbird
1477,027.Shiny_Cowbird
1478,027.Shiny_Cowbird
1479,027.Shiny_Cowbird
1480,027.Shiny_Cowbird
1481,027.Shiny_Cowbird
1482,027.Shiny_Cowbird
1483,027.Shiny_Cowbird
1484,027.Shiny_Cowbird
1485,027.Shiny_Cowbird
1486,027.Shiny_Cowbird
1487,027.Shiny_Cowbird
1488,027.Shiny_Cowbird
1489,027.Shiny_Cowbird
1490,027.Shiny_Cowbird
1491,027.Shiny_Cowbird
1492,027.Shiny_Cowbird
1493,027.Shiny_Cowbird
1494,027.Shiny_Cowbird
1495,027.Shiny_Cowbird
1496,027.Shiny_Cowbird
1497,027.Shiny_Cowbird
1498,027.Shiny_Cowbird
1499,027.Shiny_Cowbird
1500,027.Shiny_Cowbird
1501,027.Shiny_Cowbird
1502,027.Shiny_Cowbird
1503,027.Shiny_Cowbird
1504,027.Shiny_Cowbird
1505,027.Shiny_Cowbird
1506,027.Shiny_Cowbird
1507,027.Shiny_Cowbird
1508,027.Shiny_Cowbird
1509,027.Shiny_Cowbird
1510,027.Shiny_Cowbird
1511,027.Shiny_Cowbird
1512,027.Shiny_Cowbird
1513,027.Shiny_Cowbird
1514,027.Shiny_Cowbird
1515,027.Shiny_Cowbird
1516,027.Shiny_Cowbird
1517,027.Shiny_Cowbird
1518,027.Shiny_Cowbird
1519,027.Shiny_Cowbird
1520,027.Shiny_Cowbird
1521,027.Shiny_Cowbird
1522,028.Brown_Creeper
1523,028.Brown_Creeper
1524,028.Brown_Creeper
1525,028.Brown_Creeper
1526,028.Brown_Creeper
1527,028.Brown_Creeper
1528,028.Brown_Creeper
1529,028.Brown_Creeper
1530,028.Brown_Creeper
1531,028.Brown_Creeper
1532,028.Brown_Creeper
1533,028.Brown_Creeper
1534,028.Brown_Creeper
1535,028.Brown_Creeper
1536,028.Brown_Creeper
1537,028.Brown_Creeper
1538,028.Brown_Creeper
1539,028.Brown_Creeper
1540,028.Brown_Creeper
1541,028.Brown_Creeper
1542,028.Brown_Creeper
1543,028.Brown_Creeper
1544,028.Brown_Creeper
1545,028.Brown_Creeper
1546,028.Brown_Creeper
1547,028.Brown_Creeper
1548,028.Brown_Creeper
1549,028.Brown_Creeper
1550,028.Brown_Creeper
1551,028.Brown_Creeper
1552,028.Brown_Creeper
1553,028.Brown_Creeper
1554,028.Brown_Creeper
1555,028.Brown_Creeper
1556,028.Brown_Creeper
1557,028.Brown_Creeper
1558,028.Brown_Creeper
1559,028.Brown_Creeper
1560,028.Brown_Creeper
1561,028.Brown_Creeper
1562,028.Brown_Creeper
1563,028.Brown_Creeper
1564,028.Brown_Creeper
1565,028.Brown_Creeper
1566,028.Brown_Creeper
1567,028.Brown_Creeper
1568,028.Brown_Creeper
1569,028.Brown_Creeper
1570,028.Brown_Creeper
1571,028.Brown_Creeper
1572,028.Brown_Creeper
1573,028.Brown_Creeper
1574,028.Brown_Creeper
1575,028.Brown_Creeper
1576,028.Brown_Creeper
1577,028.Brown_Creeper
1578,028.Brown_Creeper
1579,028.Brown_Creeper
1580,028.Brown_Creeper
1581,029.American_Crow
1582,029.American_Crow
1583,029.American_Crow
1584,029.American_Crow
1585,029.American_Crow
1586,029.American_Crow
1587,029.American_Crow
1588,029.American_Crow
1589,029.American_Crow
1590,029.American_Crow
1591,029.American_Crow
1592,029.American_Crow
1593,029.American_Crow
1594,029.American_Crow
1595,029.American_Crow
1596,029.American_Crow
1597,029.American_Crow
1598,029.American_Crow
1599,029.American_Crow
1600,029.American_Crow
1601,029.American_Crow
1602,029.American_Crow
1603,029.American_Crow
1604,029.American_Crow
1605,029.American_Crow
1606,029.American_Crow
1607,029.American_Crow
1608,029.American_Crow
1609,029.American_Crow
1610,029.American_Crow
1611,029.American_Crow
1612,029.American_Crow
1613,029.American_Crow
1614,029.American_Crow
1615,029.American_Crow
1616,029.American_Crow
1617,029.American_Crow
1618,029.American_Crow
1619,029.American_Crow
1620,029.American_Crow
1621,029.American_Crow
1622,029.American_Crow
1623,029.American_Crow
1624,029.American_Crow
1625,029.American_Crow
1626,029.American_Crow
1627,029.American_Crow
1628,029.American_Crow
1629,029.American_Crow
1630,029.American_Crow
1631,029.American_Crow
1632,029.American_Crow
1633,029.American_Crow
1634,029.American_Crow
1635,029.American_Crow
1636,029.American_Crow
1637,029.American_Crow
1638,029.American_Crow
1639,029.American_Crow
1640,029.American_Crow
1641,030.Fish_Crow
1642,030.Fish_Crow
1643,030.Fish_Crow
1644,030.Fish_Crow
1645,030.Fish_Crow
1646,030.Fish_Crow
1647,030.Fish_Crow
1648,030.Fish_Crow
1649,030.Fish_Crow
1650,030.Fish_Crow
1651,030.Fish_Crow
1652,030.Fish_Crow
1653,030.Fish_Crow
1654,030.Fish_Crow
1655,030.Fish_Crow
1656,030.Fish_Crow
1657,030.Fish_Crow
1658,030.Fish_Crow
1659,030.Fish_Crow
1660,030.Fish_Crow
1661,030.Fish_Crow
1662,030.Fish_Crow
1663,030.Fish_Crow
1664,030.Fish_Crow
1665,030.Fish_Crow
1666,030.Fish_Crow
1667,030.Fish_Crow
1668,030.Fish_Crow
1669,030.Fish_Crow
1670,030.Fish_Crow
1671,030.Fish_Crow
1672,030.Fish_Crow
1673,030.Fish_Crow
1674,030.Fish_Crow
1675,030.Fish_Crow
1676,030.Fish_Crow
1677,030.Fish_Crow
1678,030.Fish_Crow
1679,030.Fish_Crow
1680,030.Fish_Crow
1681,030.Fish_Crow
1682,030.Fish_Crow
1683,030.Fish_Crow
1684,030.Fish_Crow
1685,030.Fish_Crow
1686,030.Fish_Crow
1687,030.Fish_Crow
1688,030.Fish_Crow
1689,030.Fish_Crow
1690,030.Fish_Crow
1691,030.Fish_Crow
1692,030.Fish_Crow
1693,030.Fish_Crow
1694,030.Fish_Crow
1695,030.Fish_Crow
1696,030.Fish_Crow
1697,030.Fish_Crow
1698,030.Fish_Crow
1699,030.Fish_Crow
1700,030.Fish_Crow
1701,031.Black_billed_Cuckoo
1702,031.Black_billed_Cuckoo
1703,031.Black_billed_Cuckoo
1704,031.Black_billed_Cuckoo
1705,031.Black_billed_Cuckoo
1706,031.Black_billed_Cuckoo
1707,031.Black_billed_Cuckoo
1708,031.Black_billed_Cuckoo
1709,031.Black_billed_Cuckoo
1710,031.Black_billed_Cuckoo
1711,031.Black_billed_Cuckoo
1712,031.Black_billed_Cuckoo
1713,031.Black_billed_Cuckoo
1714,031.Black_billed_Cuckoo
1715,031.Black_billed_Cuckoo
1716,031.Black_billed_Cuckoo
1717,031.Black_billed_Cuckoo
1718,031.Black_billed_Cuckoo
1719,031.Black_billed_Cuckoo
1720,031.Black_billed_Cuckoo
1721,031.Black_billed_Cuckoo
1722,031.Black_billed_Cuckoo
1723,031.Black_billed_Cuckoo
1724,031.Black_billed_Cuckoo
1725,031.Black_billed_Cuckoo
1726,031.Black_billed_Cuckoo
1727,031.Black_billed_Cuckoo
1728,031.Black_billed_Cuckoo
1729,031.Black_billed_Cuckoo
1730,031.Black_billed_Cuckoo
1731,031.Black_billed_Cuckoo
1732,031.Black_billed_Cuckoo
1733,031.Black_billed_Cuckoo
1734,031.Black_billed_Cuckoo
1735,031.Black_billed_Cuckoo
1736,031.Black_billed_Cuckoo
1737,031.Black_billed_Cuckoo
1738,031.Black_billed_Cuckoo
1739,031.Black_billed_Cuckoo
1740,031.Black_billed_Cuckoo
1741,031.Black_billed_Cuckoo
1742,031.Black_billed_Cuckoo
1743,031.Black_billed_Cuckoo
1744,031.Black_billed_Cuckoo
1745,031.Black_billed_Cuckoo
1746,031.Black_billed_Cuckoo
1747,031.Black_billed_Cuckoo
1748,031.Black_billed_Cuckoo
1749,031.Black_billed_Cuckoo
1750,031.Black_billed_Cuckoo
1751,031.Black_billed_Cuckoo
1752,031.Black_billed_Cuckoo
1753,031.Black_billed_Cuckoo
1754,031.Black_billed_Cuckoo
1755,031.Black_billed_Cuckoo
1756,031.Black_billed_Cuckoo
1757,031.Black_billed_Cuckoo
1758,031.Black_billed_Cuckoo
1759,031.Black_billed_Cuckoo
1760,031.Black_billed_Cuckoo
1761,032.Mangrove_Cuckoo
1762,032.Mangrove_Cuckoo
1763,032.Mangrove_Cuckoo
1764,032.Mangrove_Cuckoo
1765,032.Mangrove_Cuckoo
1766,032.Mangrove_Cuckoo
1767,032.Mangrove_Cuckoo
1768,032.Mangrove_Cuckoo
1769,032.Mangrove_Cuckoo
1770,032.Mangrove_Cuckoo
1771,032.Mangrove_Cuckoo
1772,032.Mangrove_Cuckoo
1773,032.Mangrove_Cuckoo
1774,032.Mangrove_Cuckoo
1775,032.Mangrove_Cuckoo
1776,032.Mangrove_Cuckoo
1777,032.Mangrove_Cuckoo
1778,032.Mangrove_Cuckoo
1779,032.Mangrove_Cuckoo
1780,032.Mangrove_Cuckoo
1781,032.Mangrove_Cuckoo
1782,032.Mangrove_Cuckoo
1783,032.Mangrove_Cuckoo
1784,032.Mangrove_Cuckoo
1785,032.Mangrove_Cuckoo
1786,032.Mangrove_Cuckoo
1787,032.Mangrove_Cuckoo
1788,032.Mangrove_Cuckoo
1789,032.Mangrove_Cuckoo
1790,032.Mangrove_Cuckoo
1791,032.Mangrove_Cuckoo
1792,032.Mangrove_Cuckoo
1793,032.Mangrove_Cuckoo
1794,032.Mangrove_Cuckoo
1795,032.Mangrove_Cuckoo
1796,032.Mangrove_Cuckoo
1797,032.Mangrove_Cuckoo
1798,032.Mangrove_Cuckoo
1799,032.Mangrove_Cuckoo
1800,032.Mangrove_Cuckoo
1801,032.Mangrove_Cuckoo
1802,032.Mangrove_Cuckoo
1803,032.Mangrove_Cuckoo
1804,032.Mangrove_Cuckoo
1805,032.Mangrove_Cuckoo
1806,032.Mangrove_Cuckoo
1807,032.Mangrove_Cuckoo
1808,032.Mangrove_Cuckoo
1809,032.Mangrove_Cuckoo
1810,032.Mangrove_Cuckoo
1811,032.Mangrove_Cuckoo
1812,032.Mangrove_Cuckoo
1813,032.Mangrove_Cuckoo
1814,033.Yellow_billed_Cuckoo
1815,033.Yellow_billed_Cuckoo
1816,033.Yellow_billed_Cuckoo
1817,033.Yellow_billed_Cuckoo
1818,033.Yellow_billed_Cuckoo
1819,033.Yellow_billed_Cuckoo
1820,033.Yellow_billed_Cuckoo
1821,033.Yellow_billed_Cuckoo
1822,033.Yellow_billed_Cuckoo
1823,033.Yellow_billed_Cuckoo
1824,033.Yellow_billed_Cuckoo
1825,033.Yellow_billed_Cuckoo
1826,033.Yellow_billed_Cuckoo
1827,033.Yellow_billed_Cuckoo
1828,033.Yellow_billed_Cuckoo
1829,033.Yellow_billed_Cuckoo
1830,033.Yellow_billed_Cuckoo
1831,033.Yellow_billed_Cuckoo
1832,033.Yellow_billed_Cuckoo
1833,033.Yellow_billed_Cuckoo
1834,033.Yellow_billed_Cuckoo
1835,033.Yellow_billed_Cuckoo
1836,033.Yellow_billed_Cuckoo
1837,033.Yellow_billed_Cuckoo
1838,033.Yellow_billed_Cuckoo
1839,033.Yellow_billed_Cuckoo
1840,033.Yellow_billed_Cuckoo
1841,033.Yellow_billed_Cuckoo
1842,033.Yellow_billed_Cuckoo
1843,033.Yellow_billed_Cuckoo
1844,033.Yellow_billed_Cuckoo
1845,033.Yellow_billed_Cuckoo
1846,033.Yellow_billed_Cuckoo
1847,033.Yellow_billed_Cuckoo
1848,033.Yellow_billed_Cuckoo
1849,033.Yellow_billed_Cuckoo
1850,033.Yellow_billed_Cuckoo
1851,033.Yellow_billed_Cuckoo
1852,033.Yellow_billed_Cuckoo
1853,033.Yellow_billed_Cuckoo
1854,033.Yellow_billed_Cuckoo
1855,033.Yellow_billed_Cuckoo
1856,033.Yellow_billed_Cuckoo
1857,033.Yellow_billed_Cuckoo
1858,033.Yellow_billed_Cuckoo
1859,033.Yellow_billed_Cuckoo
1860,033.Yellow_billed_Cuckoo
1861,033.Yellow_billed_Cuckoo
1862,033.Yellow_billed_Cuckoo
1863,033.Yellow_billed_Cuckoo
1864,033.Yellow_billed_Cuckoo
1865,033.Yellow_billed_Cuckoo
1866,033.Yellow_billed_Cuckoo
1867,033.Yellow_billed_Cuckoo
1868,033.Yellow_billed_Cuckoo
1869,033.Yellow_billed_Cuckoo
1870,033.Yellow_billed_Cuckoo
1871,033.Yellow_billed_Cuckoo
1872,033.Yellow_billed_Cuckoo
1873,034.Gray_crowned_Rosy_Finch
1874,034.Gray_crowned_Rosy_Finch
1875,034.Gray_crowned_Rosy_Finch
1876,034.Gray_crowned_Rosy_Finch
1877,034.Gray_crowned_Rosy_Finch
1878,034.Gray_crowned_Rosy_Finch
1879,034.Gray_crowned_Rosy_Finch
1880,034.Gray_crowned_Rosy_Finch
1881,034.Gray_crowned_Rosy_Finch
1882,034.Gray_crowned_Rosy_Finch
1883,034.Gray_crowned_Rosy_Finch
1884,034.Gray_crowned_Rosy_Finch
1885,034.Gray_crowned_Rosy_Finch
1886,034.Gray_crowned_Rosy_Finch
1887,034.Gray_crowned_Rosy_Finch
1888,034.Gray_crowned_Rosy_Finch
1889,034.Gray_crowned_Rosy_Finch
1890,034.Gray_crowned_Rosy_Finch
1891,034.Gray_crowned_Rosy_Finch
1892,034.Gray_crowned_Rosy_Finch
1893,034.Gray_crowned_Rosy_Finch
1894,034.Gray_crowned_Rosy_Finch
1895,034.Gray_crowned_Rosy_Finch
1896,034.Gray_crowned_Rosy_Finch
1897,034.Gray_crowned_Rosy_Finch
1898,034.Gray_crowned_Rosy_Finch
1899,034.Gray_crowned_Rosy_Finch
1900,034.Gray_crowned_Rosy_Finch
1901,034.Gray_crowned_Rosy_Finch
1902,034.Gray_crowned_Rosy_Finch
1903,034.Gray_crowned_Rosy_Finch
1904,034.Gray_crowned_Rosy_Finch
1905,034.Gray_crowned_Rosy_Finch
1906,034.Gray_crowned_Rosy_Finch
1907,034.Gray_crowned_Rosy_Finch
1908,034.Gray_crowned_Rosy_Finch
1909,034.Gray_crowned_Rosy_Finch
1910,034.Gray_crowned_Rosy_Finch
1911,034.Gray_crowned_Rosy_Finch
1912,034.Gray_crowned_Rosy_Finch
1913,034.Gray_crowned_Rosy_Finch
1914,034.Gray_crowned_Rosy_Finch
1915,034.Gray_crowned_Rosy_Finch
1916,034.Gray_crowned_Rosy_Finch
1917,034.Gray_crowned_Rosy_Finch
1918,034.Gray_crowned_Rosy_Finch
1919,034.Gray_crowned_Rosy_Finch
1920,034.Gray_crowned_Rosy_Finch
1921,034.Gray_crowned_Rosy_Finch
1922,034.Gray_crowned_Rosy_Finch
1923,034.Gray_crowned_Rosy_Finch
1924,034.Gray_crowned_Rosy_Finch
1925,034.Gray_crowned_Rosy_Finch
1926,034.Gray_crowned_Rosy_Finch
1927,034.Gray_crowned_Rosy_Finch
1928,034.Gray_crowned_Rosy_Finch
1929,034.Gray_crowned_Rosy_Finch
1930,034.Gray_crowned_Rosy_Finch
1931,034.Gray_crowned_Rosy_Finch
1932,035.Purple_Finch
1933,035.Purple_Finch
1934,035.Purple_Finch
1935,035.Purple_Finch
1936,035.Purple_Finch
1937,035.Purple_Finch
1938,035.Purple_Finch
1939,035.Purple_Finch
1940,035.Purple_Finch
1941,035.Purple_Finch
1942,035.Purple_Finch
1943,035.Purple_Finch
1944,035.Purple_Finch
1945,035.Purple_Finch
1946,035.Purple_Finch
1947,035.Purple_Finch
1948,035.Purple_Finch
1949,035.Purple_Finch
1950,035.Purple_Finch
1951,035.Purple_Finch
1952,035.Purple_Finch
1953,035.Purple_Finch
1954,035.Purple_Finch
1955,035.Purple_Finch
1956,035.Purple_Finch
1957,035.Purple_Finch
1958,035.Purple_Finch
1959,035.Purple_Finch
1960,035.Purple_Finch
1961,035.Purple_Finch
1962,035.Purple_Finch
1963,035.Purple_Finch
1964,035.Purple_Finch
1965,035.Purple_Finch
1966,035.Purple_Finch
1967,035.Purple_Finch
1968,035.Purple_Finch
1969,035.Purple_Finch
1970,035.Purple_Finch
1971,035.Purple_Finch
1972,035.Purple_Finch
1973,035.Purple_Finch
1974,035.Purple_Finch
1975,035.Purple_Finch
1976,035.Purple_Finch
1977,035.Purple_Finch
1978,035.Purple_Finch
1979,035.Purple_Finch
1980,035.Purple_Finch
1981,035.Purple_Finch
1982,035.Purple_Finch
1983,035.Purple_Finch
1984,035.Purple_Finch
1985,035.Purple_Finch
1986,035.Purple_Finch
1987,035.Purple_Finch
1988,035.Purple_Finch
1989,035.Purple_Finch
1990,035.Purple_Finch
1991,035.Purple_Finch
1992,036.Northern_Flicker
1993,036.Northern_Flicker
1994,036.Northern_Flicker
1995,036.Northern_Flicker
1996,036.Northern_Flicker
1997,036.Northern_Flicker
1998,036.Northern_Flicker
1999,036.Northern_Flicker
2000,036.Northern_Flicker
2001,036.Northern_Flicker
2002,036.Northern_Flicker
2003,036.Northern_Flicker
2004,036.Northern_Flicker
2005,036.Northern_Flicker
2006,036.Northern_Flicker
2007,036.Northern_Flicker
2008,036.Northern_Flicker
2009,036.Northern_Flicker
2010,036.Northern_Flicker
2011,036.Northern_Flicker
2012,036.Northern_Flicker
2013,036.Northern_Flicker
2014,036.Northern_Flicker
2015,036.Northern_Flicker
2016,036.Northern_Flicker
2017,036.Northern_Flicker
2018,036.Northern_Flicker
2019,036.Northern_Flicker
2020,036.Northern_Flicker
2021,036.Northern_Flicker
2022,036.Northern_Flicker
2023,036.Northern_Flicker
2024,036.Northern_Flicker
2025,036.Northern_Flicker
2026,036.Northern_Flicker
2027,036.Northern_Flicker
2028,036.Northern_Flicker
2029,036.Northern_Flicker
2030,036.Northern_Flicker
2031,036.Northern_Flicker
2032,036.Northern_Flicker
2033,036.Northern_Flicker
2034,036.Northern_Flicker
2035,036.Northern_Flicker
2036,036.Northern_Flicker
2037,036.Northern_Flicker
2038,036.Northern_Flicker
2039,036.Northern_Flicker
2040,036.Northern_Flicker
2041,036.Northern_Flicker
2042,036.Northern_Flicker
2043,036.Northern_Flicker
2044,036.Northern_Flicker
2045,036.Northern_Flicker
2046,036.Northern_Flicker
2047,036.Northern_Flicker
2048,036.Northern_Flicker
2049,036.Northern_Flicker
2050,036.Northern_Flicker
2051,036.Northern_Flicker
2052,037.Acadian_Flycatcher
2053,037.Acadian_Flycatcher
2054,037.Acadian_Flycatcher
2055,037.Acadian_Flycatcher
2056,037.Acadian_Flycatcher
2057,037.Acadian_Flycatcher
2058,037.Acadian_Flycatcher
2059,037.Acadian_Flycatcher
2060,037.Acadian_Flycatcher
2061,037.Acadian_Flycatcher
2062,037.Acadian_Flycatcher
2063,037.Acadian_Flycatcher
2064,037.Acadian_Flycatcher
2065,037.Acadian_Flycatcher
2066,037.Acadian_Flycatcher
2067,037.Acadian_Flycatcher
2068,037.Acadian_Flycatcher
2069,037.Acadian_Flycatcher
2070,037.Acadian_Flycatcher
2071,037.Acadian_Flycatcher
2072,037.Acadian_Flycatcher
2073,037.Acadian_Flycatcher
2074,037.Acadian_Flycatcher
2075,037.Acadian_Flycatcher
2076,037.Acadian_Flycatcher
2077,037.Acadian_Flycatcher
2078,037.Acadian_Flycatcher
2079,037.Acadian_Flycatcher
2080,037.Acadian_Flycatcher
2081,037.Acadian_Flycatcher
2082,037.Acadian_Flycatcher
2083,037.Acadian_Flycatcher
2084,037.Acadian_Flycatcher
2085,037.Acadian_Flycatcher
2086,037.Acadian_Flycatcher
2087,037.Acadian_Flycatcher
2088,037.Acadian_Flycatcher
2089,037.Acadian_Flycatcher
2090,037.Acadian_Flycatcher
2091,037.Acadian_Flycatcher
2092,037.Acadian_Flycatcher
2093,037.Acadian_Flycatcher
2094,037.Acadian_Flycatcher
2095,037.Acadian_Flycatcher
2096,037.Acadian_Flycatcher
2097,037.Acadian_Flycatcher
2098,037.Acadian_Flycatcher
2099,037.Acadian_Flycatcher
2100,037.Acadian_Flycatcher
2101,037.Acadian_Flycatcher
2102,037.Acadian_Flycatcher
2103,037.Acadian_Flycatcher
2104,037.Acadian_Flycatcher
2105,037.Acadian_Flycatcher
2106,037.Acadian_Flycatcher
2107,037.Acadian_Flycatcher
2108,037.Acadian_Flycatcher
2109,037.Acadian_Flycatcher
2110,037.Acadian_Flycatcher
2111,038.Great_Crested_Flycatcher
2112,038.Great_Crested_Flycatcher
2113,038.Great_Crested_Flycatcher
2114,038.Great_Crested_Flycatcher
2115,038.Great_Crested_Flycatcher
2116,038.Great_Crested_Flycatcher
2117,038.Great_Crested_Flycatcher
2118,038.Great_Crested_Flycatcher
2119,038.Great_Crested_Flycatcher
2120,038.Great_Crested_Flycatcher
2121,038.Great_Crested_Flycatcher
2122,038.Great_Crested_Flycatcher
2123,038.Great_Crested_Flycatcher
2124,038.Great_Crested_Flycatcher
2125,038.Great_Crested_Flycatcher
2126,038.Great_Crested_Flycatcher
2127,038.Great_Crested_Flycatcher
2128,038.Great_Crested_Flycatcher
2129,038.Great_Crested_Flycatcher
2130,038.Great_Crested_Flycatcher
2131,038.Great_Crested_Flycatcher
2132,038.Great_Crested_Flycatcher
2133,038.Great_Crested_Flycatcher
2134,038.Great_Crested_Flycatcher
2135,038.Great_Crested_Flycatcher
2136,038.Great_Crested_Flycatcher
2137,038.Great_Crested_Flycatcher
2138,038.Great_Crested_Flycatcher
2139,038.Great_Crested_Flycatcher
2140,038.Great_Crested_Flycatcher
2141,038.Great_Crested_Flycatcher
2142,038.Great_Crested_Flycatcher
2143,038.Great_Crested_Flycatcher
2144,038.Great_Crested_Flycatcher
2145,038.Great_Crested_Flycatcher
2146,038.Great_Crested_Flycatcher
2147,038.Great_Crested_Flycatcher
2148,038.Great_Crested_Flycatcher
2149,038.Great_Crested_Flycatcher
2150,038.Great_Crested_Flycatcher
2151,038.Great_Crested_Flycatcher
2152,038.Great_Crested_Flycatcher
2153,038.Great_Crested_Flycatcher
2154,038.Great_Crested_Flycatcher
2155,038.Great_Crested_Flycatcher
2156,038.Great_Crested_Flycatcher
2157,038.Great_Crested_Flycatcher
2158,038.Great_Crested_Flycatcher
2159,038.Great_Crested_Flycatcher
2160,038.Great_Crested_Flycatcher
2161,038.Great_Crested_Flycatcher
2162,038.Great_Crested_Flycatcher
2163,038.Great_Crested_Flycatcher
2164,038.Great_Crested_Flycatcher
2165,038.Great_Crested_Flycatcher
2166,038.Great_Crested_Flycatcher
2167,038.Great_Crested_Flycatcher
2168,038.Great_Crested_Flycatcher
2169,038.Great_Crested_Flycatcher
2170,038.Great_Crested_Flycatcher
2171,039.Least_Flycatcher
2172,039.Least_Flycatcher
2173,039.Least_Flycatcher
2174,039.Least_Flycatcher
2175,039.Least_Flycatcher
2176,039.Least_Flycatcher
2177,039.Least_Flycatcher
2178,039.Least_Flycatcher
2179,039.Least_Flycatcher
2180,039.Least_Flycatcher
2181,039.Least_Flycatcher
2182,039.Least_Flycatcher
2183,039.Least_Flycatcher
2184,039.Least_Flycatcher
2185,039.Least_Flycatcher
2186,039.Least_Flycatcher
2187,039.Least_Flycatcher
2188,039.Least_Flycatcher
2189,039.Least_Flycatcher
2190,039.Least_Flycatcher
2191,039.Least_Flycatcher
2192,039.Least_Flycatcher
2193,039.Least_Flycatcher
2194,039.Least_Flycatcher
2195,039.Least_Flycatcher
2196,039.Least_Flycatcher
2197,039.Least_Flycatcher
2198,039.Least_Flycatcher
2199,039.Least_Flycatcher
2200,039.Least_Flycatcher
2201,039.Least_Flycatcher
2202,039.Least_Flycatcher
2203,039.Least_Flycatcher
2204,039.Least_Flycatcher
2205,039.Least_Flycatcher
2206,039.Least_Flycatcher
2207,039.Least_Flycatcher
2208,039.Least_Flycatcher
2209,039.Least_Flycatcher
2210,039.Least_Flycatcher
2211,039.Least_Flycatcher
2212,039.Least_Flycatcher
2213,039.Least_Flycatcher
2214,039.Least_Flycatcher
2215,039.Least_Flycatcher
2216,039.Least_Flycatcher
2217,039.Least_Flycatcher
2218,039.Least_Flycatcher
2219,039.Least_Flycatcher
2220,039.Least_Flycatcher
2221,039.Least_Flycatcher
2222,039.Least_Flycatcher
2223,039.Least_Flycatcher
2224,039.Least_Flycatcher
2225,039.Least_Flycatcher
2226,039.Least_Flycatcher
2227,039.Least_Flycatcher
2228,039.Least_Flycatcher
2229,039.Least_Flycatcher
2230,040.Olive_sided_Flycatcher
2231,040.Olive_sided_Flycatcher
2232,040.Olive_sided_Flycatcher
2233,040.Olive_sided_Flycatcher
2234,040.Olive_sided_Flycatcher
2235,040.Olive_sided_Flycatcher
2236,040.Olive_sided_Flycatcher
2237,040.Olive_sided_Flycatcher
2238,040.Olive_sided_Flycatcher
2239,040.Olive_sided_Flycatcher
2240,040.Olive_sided_Flycatcher
2241,040.Olive_sided_Flycatcher
2242,040.Olive_sided_Flycatcher
2243,040.Olive_sided_Flycatcher
2244,040.Olive_sided_Flycatcher
2245,040.Olive_sided_Flycatcher
2246,040.Olive_sided_Flycatcher
2247,040.Olive_sided_Flycatcher
2248,040.Olive_sided_Flycatcher
2249,040.Olive_sided_Flycatcher
2250,040.Olive_sided_Flycatcher
2251,040.Olive_sided_Flycatcher
2252,040.Olive_sided_Flycatcher
2253,040.Olive_sided_Flycatcher
2254,040.Olive_sided_Flycatcher
2255,040.Olive_sided_Flycatcher
2256,040.Olive_sided_Flycatcher
2257,040.Olive_sided_Flycatcher
2258,040.Olive_sided_Flycatcher
2259,040.Olive_sided_Flycatcher
2260,040.Olive_sided_Flycatcher
2261,040.Olive_sided_Flycatcher
2262,040.Olive_sided_Flycatcher
2263,040.Olive_sided_Flycatcher
2264,040.Olive_sided_Flycatcher
2265,040.Olive_sided_Flycatcher
2266,040.Olive_sided_Flycatcher
2267,040.Olive_sided_Flycatcher
2268,040.Olive_sided_Flycatcher
2269,040.Olive_sided_Flycatcher
2270,040.Olive_sided_Flycatcher
2271,040.Olive_sided_Flycatcher
2272,040.Olive_sided_Flycatcher
2273,040.Olive_sided_Flycatcher
2274,040.Olive_sided_Flycatcher
2275,040.Olive_sided_Flycatcher
2276,040.Olive_sided_Flycatcher
2277,040.Olive_sided_Flycatcher
2278,040.Olive_sided_Flycatcher
2279,040.Olive_sided_Flycatcher
2280,040.Olive_sided_Flycatcher
2281,040.Olive_sided_Flycatcher
2282,040.Olive_sided_Flycatcher
2283,040.Olive_sided_Flycatcher
2284,040.Olive_sided_Flycatcher
2285,040.Olive_sided_Flycatcher
2286,040.Olive_sided_Flycatcher
2287,040.Olive_sided_Flycatcher
2288,040.Olive_sided_Flycatcher
2289,040.Olive_sided_Flycatcher
2290,041.Scissor_tailed_Flycatcher
2291,041.Scissor_tailed_Flycatcher
2292,041.Scissor_tailed_Flycatcher
2293,041.Scissor_tailed_Flycatcher
2294,041.Scissor_tailed_Flycatcher
2295,041.Scissor_tailed_Flycatcher
2296,041.Scissor_tailed_Flycatcher
2297,041.Scissor_tailed_Flycatcher
2298,041.Scissor_tailed_Flycatcher
2299,041.Scissor_tailed_Flycatcher
2300,041.Scissor_tailed_Flycatcher
2301,041.Scissor_tailed_Flycatcher
2302,041.Scissor_tailed_Flycatcher
2303,041.Scissor_tailed_Flycatcher
2304,041.Scissor_tailed_Flycatcher
2305,041.Scissor_tailed_Flycatcher
2306,041.Scissor_tailed_Flycatcher
2307,041.Scissor_tailed_Flycatcher
2308,041.Scissor_tailed_Flycatcher
2309,041.Scissor_tailed_Flycatcher
2310,041.Scissor_tailed_Flycatcher
2311,041.Scissor_tailed_Flycatcher
2312,041.Scissor_tailed_Flycatcher
2313,041.Scissor_tailed_Flycatcher
2314,041.Scissor_tailed_Flycatcher
2315,041.Scissor_tailed_Flycatcher
2316,041.Scissor_tailed_Flycatcher
2317,041.Scissor_tailed_Flycatcher
2318,041.Scissor_tailed_Flycatcher
2319,041.Scissor_tailed_Flycatcher
2320,041.Scissor_tailed_Flycatcher
2321,041.Scissor_tailed_Flycatcher
2322,041.Scissor_tailed_Flycatcher
2323,041.Scissor_tailed_Flycatcher
2324,041.Scissor_tailed_Flycatcher
2325,041.Scissor_tailed_Flycatcher
2326,041.Scissor_tailed_Flycatcher
2327,041.Scissor_tailed_Flycatcher
2328,041.Scissor_tailed_Flycatcher
2329,041.Scissor_tailed_Flycatcher
2330,041.Scissor_tailed_Flycatcher
2331,041.Scissor_tailed_Flycatcher
2332,041.Scissor_tailed_Flycatcher
2333,041.Scissor_tailed_Flycatcher
2334,041.Scissor_tailed_Flycatcher
2335,041.Scissor_tailed_Flycatcher
2336,041.Scissor_tailed_Flycatcher
2337,041.Scissor_tailed_Flycatcher
2338,041.Scissor_tailed_Flycatcher
2339,041.Scissor_tailed_Flycatcher
2340,041.Scissor_tailed_Flycatcher
2341,041.Scissor_tailed_Flycatcher
2342,041.Scissor_tailed_Flycatcher
2343,041.Scissor_tailed_Flycatcher
2344,041.Scissor_tailed_Flycatcher
2345,041.Scissor_tailed_Flycatcher
2346,041.Scissor_tailed_Flycatcher
2347,041.Scissor_tailed_Flycatcher
2348,041.Scissor_tailed_Flycatcher
2349,041.Scissor_tailed_Flycatcher
2350,042.Vermilion_Flycatcher
2351,042.Vermilion_Flycatcher
2352,042.Vermilion_Flycatcher
2353,042.Vermilion_Flycatcher
2354,042.Vermilion_Flycatcher
2355,042.Vermilion_Flycatcher
2356,042.Vermilion_Flycatcher
2357,042.Vermilion_Flycatcher
2358,042.Vermilion_Flycatcher
2359,042.Vermilion_Flycatcher
2360,042.Vermilion_Flycatcher
2361,042.Vermilion_Flycatcher
2362,042.Vermilion_Flycatcher
2363,042.Vermilion_Flycatcher
2364,042.Vermilion_Flycatcher
2365,042.Vermilion_Flycatcher
2366,042.Vermilion_Flycatcher
2367,042.Vermilion_Flycatcher
2368,042.Vermilion_Flycatcher
2369,042.Vermilion_Flycatcher
2370,042.Vermilion_Flycatcher
2371,042.Vermilion_Flycatcher
2372,042.Vermilion_Flycatcher
2373,042.Vermilion_Flycatcher
2374,042.Vermilion_Flycatcher
2375,042.Vermilion_Flycatcher
2376,042.Vermilion_Flycatcher
2377,042.Vermilion_Flycatcher
2378,042.Vermilion_Flycatcher
2379,042.Vermilion_Flycatcher
2380,042.Vermilion_Flycatcher
2381,042.Vermilion_Flycatcher
2382,042.Vermilion_Flycatcher
2383,042.Vermilion_Flycatcher
2384,042.Vermilion_Flycatcher
2385,042.Vermilion_Flycatcher
2386,042.Vermilion_Flycatcher
2387,042.Vermilion_Flycatcher
2388,042.Vermilion_Flycatcher
2389,042.Vermilion_Flycatcher
2390,042.Vermilion_Flycatcher
2391,042.Vermilion_Flycatcher
2392,042.Vermilion_Flycatcher
2393,042.Vermilion_Flycatcher
2394,042.Vermilion_Flycatcher
2395,042.Vermilion_Flycatcher
2396,042.Vermilion_Flycatcher
2397,042.Vermilion_Flycatcher
2398,042.Vermilion_Flycatcher
2399,042.Vermilion_Flycatcher
2400,042.Vermilion_Flycatcher
2401,042.Vermilion_Flycatcher
2402,042.Vermilion_Flycatcher
2403,042.Vermilion_Flycatcher
2404,042.Vermilion_Flycatcher
2405,042.Vermilion_Flycatcher
2406,042.Vermilion_Flycatcher
2407,042.Vermilion_Flycatcher
2408,042.Vermilion_Flycatcher
2409,042.Vermilion_Flycatcher
2410,043.Yellow_bellied_Flycatcher
2411,043.Yellow_bellied_Flycatcher
2412,043.Yellow_bellied_Flycatcher
2413,043.Yellow_bellied_Flycatcher
2414,043.Yellow_bellied_Flycatcher
2415,043.Yellow_bellied_Flycatcher
2416,043.Yellow_bellied_Flycatcher
2417,043.Yellow_bellied_Flycatcher
2418,043.Yellow_bellied_Flycatcher
2419,043.Yellow_bellied_Flycatcher
2420,043.Yellow_bellied_Flycatcher
2421,043.Yellow_bellied_Flycatcher
2422,043.Yellow_bellied_Flycatcher
2423,043.Yellow_bellied_Flycatcher
2424,043.Yellow_bellied_Flycatcher
2425,043.Yellow_bellied_Flycatcher
2426,043.Yellow_bellied_Flycatcher
2427,043.Yellow_bellied_Flycatcher
2428,043.Yellow_bellied_Flycatcher
2429,043.Yellow_bellied_Flycatcher
2430,043.Yellow_bellied_Flycatcher
2431,043.Yellow_bellied_Flycatcher
2432,043.Yellow_bellied_Flycatcher
2433,043.Yellow_bellied_Flycatcher
2434,043.Yellow_bellied_Flycatcher
2435,043.Yellow_bellied_Flycatcher
2436,043.Yellow_bellied_Flycatcher
2437,043.Yellow_bellied_Flycatcher
2438,043.Yellow_bellied_Flycatcher
2439,043.Yellow_bellied_Flycatcher
2440,043.Yellow_bellied_Flycatcher
2441,043.Yellow_bellied_Flycatcher
2442,043.Yellow_bellied_Flycatcher
2443,043.Yellow_bellied_Flycatcher
2444,043.Yellow_bellied_Flycatcher
2445,043.Yellow_bellied_Flycatcher
2446,043.Yellow_bellied_Flycatcher
2447,043.Yellow_bellied_Flycatcher
2448,043.Yellow_bellied_Flycatcher
2449,043.Yellow_bellied_Flycatcher
2450,043.Yellow_bellied_Flycatcher
2451,043.Yellow_bellied_Flycatcher
2452,043.Yellow_bellied_Flycatcher
2453,043.Yellow_bellied_Flycatcher
2454,043.Yellow_bellied_Flycatcher
2455,043.Yellow_bellied_Flycatcher
2456,043.Yellow_bellied_Flycatcher
2457,043.Yellow_bellied_Flycatcher
2458,043.Yellow_bellied_Flycatcher
2459,043.Yellow_bellied_Flycatcher
2460,043.Yellow_bellied_Flycatcher
2461,043.Yellow_bellied_Flycatcher
2462,043.Yellow_bellied_Flycatcher
2463,043.Yellow_bellied_Flycatcher
2464,043.Yellow_bellied_Flycatcher
2465,043.Yellow_bellied_Flycatcher
2466,043.Yellow_bellied_Flycatcher
2467,043.Yellow_bellied_Flycatcher
2468,043.Yellow_bellied_Flycatcher
2469,044.Frigatebird
2470,044.Frigatebird
2471,044.Frigatebird
2472,044.Frigatebird
2473,044.Frigatebird
2474,044.Frigatebird
2475,044.Frigatebird
2476,044.Frigatebird
2477,044.Frigatebird
2478,044.Frigatebird
2479,044.Frigatebird
2480,044.Frigatebird
2481,044.Frigatebird
2482,044.Frigatebird
2483,044.Frigatebird
2484,044.Frigatebird
2485,044.Frigatebird
2486,044.Frigatebird
2487,044.Frigatebird
2488,044.Frigatebird
2489,044.Frigatebird
2490,044.Frigatebird
2491,044.Frigatebird
2492,044.Frigatebird
2493,044.Frigatebird
2494,044.Frigatebird
2495,044.Frigatebird
2496,044.Frigatebird
2497,044.Frigatebird
2498,044.Frigatebird
2499,044.Frigatebird
2500,044.Frigatebird
2501,044.Frigatebird
2502,044.Frigatebird
2503,044.Frigatebird
2504,044.Frigatebird
2505,044.Frigatebird
2506,044.Frigatebird
2507,044.Frigatebird
2508,044.Frigatebird
2509,044.Frigatebird
2510,044.Frigatebird
2511,044.Frigatebird
2512,044.Frigatebird
2513,044.Frigatebird
2514,044.Frigatebird
2515,044.Frigatebird
2516,044.Frigatebird
2517,044.Frigatebird
2518,044.Frigatebird
2519,044.Frigatebird
2520,044.Frigatebird
2521,044.Frigatebird
2522,044.Frigatebird
2523,044.Frigatebird
2524,044.Frigatebird
2525,044.Frigatebird
2526,044.Frigatebird
2527,044.Frigatebird
2528,044.Frigatebird
2529,045.Northern_Fulmar
2530,045.Northern_Fulmar
2531,045.Northern_Fulmar
2532,045.Northern_Fulmar
2533,045.Northern_Fulmar
2534,045.Northern_Fulmar
2535,045.Northern_Fulmar
2536,045.Northern_Fulmar
2537,045.Northern_Fulmar
2538,045.Northern_Fulmar
2539,045.Northern_Fulmar
2540,045.Northern_Fulmar
2541,045.Northern_Fulmar
2542,045.Northern_Fulmar
2543,045.Northern_Fulmar
2544,045.Northern_Fulmar
2545,045.Northern_Fulmar
2546,045.Northern_Fulmar
2547,045.Northern_Fulmar
2548,045.Northern_Fulmar
2549,045.Northern_Fulmar
2550,045.Northern_Fulmar
2551,045.Northern_Fulmar
2552,045.Northern_Fulmar
2553,045.Northern_Fulmar
2554,045.Northern_Fulmar
2555,045.Northern_Fulmar
2556,045.Northern_Fulmar
2557,045.Northern_Fulmar
2558,045.Northern_Fulmar
2559,045.Northern_Fulmar
2560,045.Northern_Fulmar
2561,045.Northern_Fulmar
2562,045.Northern_Fulmar
2563,045.Northern_Fulmar
2564,045.Northern_Fulmar
2565,045.Northern_Fulmar
2566,045.Northern_Fulmar
2567,045.Northern_Fulmar
2568,045.Northern_Fulmar
2569,045.Northern_Fulmar
2570,045.Northern_Fulmar
2571,045.Northern_Fulmar
2572,045.Northern_Fulmar
2573,045.Northern_Fulmar
2574,045.Northern_Fulmar
2575,045.Northern_Fulmar
2576,045.Northern_Fulmar
2577,045.Northern_Fulmar
2578,045.Northern_Fulmar
2579,045.Northern_Fulmar
2580,045.Northern_Fulmar
2581,045.Northern_Fulmar
2582,045.Northern_Fulmar
2583,045.Northern_Fulmar
2584,045.Northern_Fulmar
2585,045.Northern_Fulmar
2586,045.Northern_Fulmar
2587,045.Northern_Fulmar
2588,045.Northern_Fulmar
2589,046.Gadwall
2590,046.Gadwall
2591,046.Gadwall
2592,046.Gadwall
2593,046.Gadwall
2594,046.Gadwall
2595,046.Gadwall
2596,046.Gadwall
2597,046.Gadwall
2598,046.Gadwall
2599,046.Gadwall
2600,046.Gadwall
2601,046.Gadwall
2602,046.Gadwall
2603,046.Gadwall
2604,046.Gadwall
2605,046.Gadwall
2606,046.Gadwall
2607,046.Gadwall
2608,046.Gadwall
2609,046.Gadwall
2610,046.Gadwall
2611,046.Gadwall
2612,046.Gadwall
2613,046.Gadwall
2614,046.Gadwall
2615,046.Gadwall
2616,046.Gadwall
2617,046.Gadwall
2618,046.Gadwall
2619,046.Gadwall
2620,046.Gadwall
2621,046.Gadwall
2622,046.Gadwall
2623,046.Gadwall
2624,046.Gadwall
2625,046.Gadwall
2626,046.Gadwall
2627,046.Gadwall
2628,046.Gadwall
2629,046.Gadwall
2630,046.Gadwall
2631,046.Gadwall
2632,046.Gadwall
2633,046.Gadwall
2634,046.Gadwall
2635,046.Gadwall
2636,046.Gadwall
2637,046.Gadwall
2638,046.Gadwall
2639,046.Gadwall
2640,046.Gadwall
2641,046.Gadwall
2642,046.Gadwall
2643,046.Gadwall
2644,046.Gadwall
2645,046.Gadwall
2646,046.Gadwall
2647,046.Gadwall
2648,046.Gadwall
2649,047.American_Goldfinch
2650,047.American_Goldfinch
2651,047.American_Goldfinch
2652,047.American_Goldfinch
2653,047.American_Goldfinch
2654,047.American_Goldfinch
2655,047.American_Goldfinch
2656,047.American_Goldfinch
2657,047.American_Goldfinch
2658,047.American_Goldfinch
2659,047.American_Goldfinch
2660,047.American_Goldfinch
2661,047.American_Goldfinch
2662,047.American_Goldfinch
2663,047.American_Goldfinch
2664,047.American_Goldfinch
2665,047.American_Goldfinch
2666,047.American_Goldfinch
2667,047.American_Goldfinch
2668,047.American_Goldfinch
2669,047.American_Goldfinch
2670,047.American_Goldfinch
2671,047.American_Goldfinch
2672,047.American_Goldfinch
2673,047.American_Goldfinch
2674,047.American_Goldfinch
2675,047.American_Goldfinch
2676,047.American_Goldfinch
2677,047.American_Goldfinch
2678,047.American_Goldfinch
2679,047.American_Goldfinch
2680,047.American_Goldfinch
2681,047.American_Goldfinch
2682,047.American_Goldfinch
2683,047.American_Goldfinch
2684,047.American_Goldfinch
2685,047.American_Goldfinch
2686,047.American_Goldfinch
2687,047.American_Goldfinch
2688,047.American_Goldfinch
2689,047.American_Goldfinch
2690,047.American_Goldfinch
2691,047.American_Goldfinch
2692,047.American_Goldfinch
2693,047.American_Goldfinch
2694,047.American_Goldfinch
2695,047.American_Goldfinch
2696,047.American_Goldfinch
2697,047.American_Goldfinch
2698,047.American_Goldfinch
2699,047.American_Goldfinch
2700,047.American_Goldfinch
2701,047.American_Goldfinch
2702,047.American_Goldfinch
2703,047.American_Goldfinch
2704,047.American_Goldfinch
2705,047.American_Goldfinch
2706,047.American_Goldfinch
2707,047.American_Goldfinch
2708,047.American_Goldfinch
2709,048.European_Goldfinch
2710,048.European_Goldfinch
2711,048.European_Goldfinch
2712,048.European_Goldfinch
2713,048.European_Goldfinch
2714,048.European_Goldfinch
2715,048.European_Goldfinch
2716,048.European_Goldfinch
2717,048.European_Goldfinch
2718,048.European_Goldfinch
2719,048.European_Goldfinch
2720,048.European_Goldfinch
2721,048.European_Goldfinch
2722,048.European_Goldfinch
2723,048.European_Goldfinch
2724,048.European_Goldfinch
2725,048.European_Goldfinch
2726,048.European_Goldfinch
2727,048.European_Goldfinch
2728,048.European_Goldfinch
2729,048.European_Goldfinch
2730,048.European_Goldfinch
2731,048.European_Goldfinch
2732,048.European_Goldfinch
2733,048.European_Goldfinch
2734,048.European_Goldfinch
2735,048.European_Goldfinch
2736,048.European_Goldfinch
2737,048.European_Goldfinch
2738,048.European_Goldfinch
2739,048.European_Goldfinch
2740,048.European_Goldfinch
2741,048.European_Goldfinch
2742,048.European_Goldfinch
2743,048.European_Goldfinch
2744,048.European_Goldfinch
2745,048.European_Goldfinch
2746,048.European_Goldfinch
2747,048.European_Goldfinch
2748,048.European_Goldfinch
2749,048.European_Goldfinch
2750,048.European_Goldfinch
2751,048.European_Goldfinch
2752,048.European_Goldfinch
2753,048.European_Goldfinch
2754,048.European_Goldfinch
2755,048.European_Goldfinch
2756,048.European_Goldfinch
2757,048.European_Goldfinch
2758,048.European_Goldfinch
2759,048.European_Goldfinch
2760,048.European_Goldfinch
2761,048.European_Goldfinch
2762,048.European_Goldfinch
2763,048.European_Goldfinch
2764,048.European_Goldfinch
2765,048.European_Goldfinch
2766,048.European_Goldfinch
2767,048.European_Goldfinch
2768,048.European_Goldfinch
2769,049.Boat_tailed_Grackle
2770,049.Boat_tailed_Grackle
2771,049.Boat_tailed_Grackle
2772,049.Boat_tailed_Grackle
2773,049.Boat_tailed_Grackle
2774,049.Boat_tailed_Grackle
2775,049.Boat_tailed_Grackle
2776,049.Boat_tailed_Grackle
2777,049.Boat_tailed_Grackle
2778,049.Boat_tailed_Grackle
2779,049.Boat_tailed_Grackle
2780,049.Boat_tailed_Grackle
2781,049.Boat_tailed_Grackle
2782,049.Boat_tailed_Grackle
2783,049.Boat_tailed_Grackle
2784,049.Boat_tailed_Grackle
2785,049.Boat_tailed_Grackle
2786,049.Boat_tailed_Grackle
2787,049.Boat_tailed_Grackle
2788,049.Boat_tailed_Grackle
2789,049.Boat_tailed_Grackle
2790,049.Boat_tailed_Grackle
2791,049.Boat_tailed_Grackle
2792,049.Boat_tailed_Grackle
2793,049.Boat_tailed_Grackle
2794,049.Boat_tailed_Grackle
2795,049.Boat_tailed_Grackle
2796,049.Boat_tailed_Grackle
2797,049.Boat_tailed_Grackle
2798,049.Boat_tailed_Grackle
2799,049.Boat_tailed_Grackle
2800,049.Boat_tailed_Grackle
2801,049.Boat_tailed_Grackle
2802,049.Boat_tailed_Grackle
2803,049.Boat_tailed_Grackle
2804,049.Boat_tailed_Grackle
2805,049.Boat_tailed_Grackle
2806,049.Boat_tailed_Grackle
2807,049.Boat_tailed_Grackle
2808,049.Boat_tailed_Grackle
2809,049.Boat_tailed_Grackle
2810,049.Boat_tailed_Grackle
2811,049.Boat_tailed_Grackle
2812,049.Boat_tailed_Grackle
2813,049.Boat_tailed_Grackle
2814,049.Boat_tailed_Grackle
2815,049.Boat_tailed_Grackle
2816,049.Boat_tailed_Grackle
2817,049.Boat_tailed_Grackle
2818,049.Boat_tailed_Grackle
2819,049.Boat_tailed_Grackle
2820,049.Boat_tailed_Grackle
2821,049.Boat_tailed_Grackle
2822,049.Boat_tailed_Grackle
2823,049.Boat_tailed_Grackle
2824,049.Boat_tailed_Grackle
2825,049.Boat_tailed_Grackle
2826,049.Boat_tailed_Grackle
2827,049.Boat_tailed_Grackle
2828,049.Boat_tailed_Grackle
2829,050.Eared_Grebe
2830,050.Eared_Grebe
2831,050.Eared_Grebe
2832,050.Eared_Grebe
2833,050.Eared_Grebe
2834,050.Eared_Grebe
2835,050.Eared_Grebe
2836,050.Eared_Grebe
2837,050.Eared_Grebe
2838,050.Eared_Grebe
2839,050.Eared_Grebe
2840,050.Eared_Grebe
2841,050.Eared_Grebe
2842,050.Eared_Grebe
2843,050.Eared_Grebe
2844,050.Eared_Grebe
2845,050.Eared_Grebe
2846,050.Eared_Grebe
2847,050.Eared_Grebe
2848,050.Eared_Grebe
2849,050.Eared_Grebe
2850,050.Eared_Grebe
2851,050.Eared_Grebe
2852,050.Eared_Grebe
2853,050.Eared_Grebe
2854,050.Eared_Grebe
2855,050.Eared_Grebe
2856,050.Eared_Grebe
2857,050.Eared_Grebe
2858,050.Eared_Grebe
2859,050.Eared_Grebe
2860,050.Eared_Grebe
2861,050.Eared_Grebe
2862,050.Eared_Grebe
2863,050.Eared_Grebe
2864,050.Eared_Grebe
2865,050.Eared_Grebe
2866,050.Eared_Grebe
2867,050.Eared_Grebe
2868,050.Eared_Grebe
2869,050.Eared_Grebe
2870,050.Eared_Grebe
2871,050.Eared_Grebe
2872,050.Eared_Grebe
2873,050.Eared_Grebe
2874,050.Eared_Grebe
2875,050.Eared_Grebe
2876,050.Eared_Grebe
2877,050.Eared_Grebe
2878,050.Eared_Grebe
2879,050.Eared_Grebe
2880,050.Eared_Grebe
2881,050.Eared_Grebe
2882,050.Eared_Grebe
2883,050.Eared_Grebe
2884,050.Eared_Grebe
2885,050.Eared_Grebe
2886,050.Eared_Grebe
2887,050.Eared_Grebe
2888,050.Eared_Grebe
